person_id,Probability_Unemployed
Id_r90136smvl,0.9990472
Id_wawdqhmu6s,0.5927355
Id_ap2czff2bu,0.07029977
Id_uhgink7iha,0.24012882
Id_5j6bzk3k81,0.1576517
Id_r1njgsuhs9,0.4363634
Id_d9n59ghzjb,0.269766
Id_vzab7oazqr,0.4394098
Id_nefqci92p8,0.08003946
Id_qqrnnetvxv,0.20415555
Id_7w2fd5w86s,0.008778835
Id_pzpuicll9c,0.003776974
Id_st3is8bql2,0.6728207
Id_qs1zt43xvu,0.15866727
Id_9cu0vdzh1m,0.16283563
Id_poxmo2d4pe,0.4657823
Id_lkbh7wwizt,0.3186831
Id_o33z7do9gv,0.83469415
Id_2g0jvhjt7m,0.20286483
Id_a8coh9dw38,0.8664689
Id_2qj0ah1psu,0.012205619
Id_kpvmehnz28,0.011197027
Id_mgltuwq5z6,0.99621165
Id_d4og0tu3n8,0.9842741
Id_yufvflupuk,0.5140388
Id_u0whg32wag,0.43494156
Id_xt0ryw5lj3,0.56501174
Id_b16iwbgm7h,0.4032956
Id_rw1mzpkmbh,0.5081317
Id_dh12ciw7aj,0.014684234
Id_ucc8nen4br,0.123164155
Id_zabfn6r9hy,0.9181998
Id_9316s6vbdf,0.02764126
Id_qj48ua0e71,0.090725906
Id_iev9vrtvwh,0.2097173
Id_gta8cmufua,0.4808342
Id_zd7zmjgmlh,0.032543533
Id_9xsxi3zkds,0.0034175469
Id_vor2e80rle,0.07195762
Id_81faoo7jtd,0.030583112
Id_t8cshwbsx1,0.25203383
Id_ce7987x9yb,0.22276628
Id_vwbab4cxdn,0.6005779
Id_wlhdmq0y8v,0.0914297
Id_ijbnb5l2r7,0.094688535
Id_291krf6edr,0.06026054
Id_li6hmy2e8y,0.19867681
Id_ugqu9wfir4,0.0020267053
Id_5mvhlc4oto,0.4191649
Id_omktaezr3k,0.22112864
Id_mp2omgupeg,0.9418952
Id_guxs9a9rp8,0.007391926
Id_owwgvlhtm2,0.20954835
Id_2phe5bonhr,0.042322002
Id_wxujl0skjo,0.11346592
Id_ezcagqsdoh,0.04534389
Id_3ojndwyspm,0.5640244
Id_di8dup17uk,0.49241993
Id_2s9fwx18nt,0.6493904
Id_gw0p5veuf2,0.4814594
Id_ul54vz814d,0.0016863468
Id_fk01mum0zb,0.99410135
Id_i5ho67pyep,0.06575234
Id_04whybbwpy,0.8348417
Id_0qijiqqjfw,0.99926406
Id_ib78u6d1u5,0.2571319
Id_wil30h6uqo,0.11608065
Id_gco4s6s0y0,0.05236964
Id_i2zt2wyw67,0.047670282
Id_u6qzopxfoo,0.009554525
Id_9qhc9jmlw5,0.06989725
Id_3hqg13lpub,0.017072622
Id_xg69jmr988,0.13386007
Id_uf4nopfet5,0.038047377
Id_nvu0rx02yq,0.033164095
Id_wpetow3d86,0.02954424
Id_0b6micntbf,0.4704471
Id_t2hpqyerdd,0.124132276
Id_9w39fssh0z,0.030114643
Id_izf7avuyof,0.0053916206
Id_horgi1i0h5,0.99800974
Id_c1ck3oamtf,0.43223858
Id_b97f46dlm4,0.036211383
Id_e7jnyu9nio,0.018668786
Id_6jis2dwfpf,0.23052329
Id_cwfw3jz8mn,0.01364289
Id_ckz41r5xnd,0.020419257
Id_0lddi6fymp,0.48884645
Id_qb6cvsj6d1,0.01855339
Id_mevy3q7025,0.17378269
Id_4f18c92qin,0.032642372
Id_70u1j9yxhw,0.43136916
Id_gmoiyj02t8,0.049517717
Id_eui0etibtj,0.47158167
Id_ml0shy5ndd,0.008977696
Id_ec2sjwcz91,0.023571692
Id_rjahjm0hug,0.048292253
Id_abyqg3tash,0.100433454
Id_lzos5ypdrm,0.6626471
Id_kdvnff0zsh,0.97436845
Id_86b4m22rpu,0.16915539
Id_x2hp46jgt7,0.065642685
Id_zpp3md8ezd,0.45378962
Id_e3b7m1pivk,0.040185224
Id_ylj1j29c2t,0.041113026
Id_4mqpa30io0,0.8610836
Id_gb6gbddvde,0.004631505
Id_33q9kspnhl,0.022995694
Id_spcfhi9ani,0.95052356
Id_3xhfl2dkwc,0.0908029
Id_capl79l0ck,0.05969842
Id_hize5ozuc7,0.24696586
Id_9e595qehvb,0.01581011
Id_mv3bdtgvrm,0.5522659
Id_sh6y5sognb,0.21253096
Id_otoztzpre0,0.006231227
Id_7lrax702sw,0.11061201
Id_2yyc8cscz1,0.116383344
Id_hko3gz0dk7,0.9889981
Id_wk20cknod9,0.016586378
Id_v021qhmpjd,0.05585631
Id_hqsrc0tikc,0.21798815
Id_c4emke5y04,0.9194826
Id_t3352uxc4i,0.094123594
Id_5z20x5e83v,0.6654843
Id_qdcud0yly8,0.5556359
Id_ww8zw7ae8a,0.014621962
Id_1y41yyh09p,0.3146982
Id_6gmks7pmqr,0.08664242
Id_hm2hws8vmx,0.41747227
Id_ffwi6hx95x,0.10252842
Id_wp4xaj2x44,0.062950656
Id_q9w6fjzuva,0.84320796
Id_4hi7as50nt,0.074832395
Id_e9mdtbubkh,0.03792441
Id_if24ufm5uj,0.011254257
Id_68ii10j2y5,0.04728577
Id_cba8vbwfcd,0.46352467
Id_5va26rv1po,0.06180837
Id_h2u5uz2c1i,0.25671157
Id_oi4y3y2j24,0.97429895
Id_if7xxvy5sy,0.7737015
Id_ul1tzww8yo,0.7886183
Id_g1zdjwg70b,0.2899495
Id_ymo26re9kq,0.0011329893
Id_7i4g0dgq3g,0.42626193
Id_dtd4wertk3,0.055257406
Id_eduju9teke,0.1289971
Id_qua5ppnddr,0.010062918
Id_pgaf0nxrml,0.09225422
Id_mfkzmksvk8,0.85307074
Id_xae7uo6rns,0.011152813
Id_bg0pf0x0c9,0.03569208
Id_gqy88jh41f,0.41816816
Id_dulraax74m,0.35900068
Id_br9w5vf3nt,0.08178677
Id_hm4k3ett7c,0.7561936
Id_3wbyw2qsxx,0.07498435
Id_nhc76gnpfv,0.2244152
Id_g37tyo68ez,0.007783187
Id_doy6wdfgwc,0.9789686
Id_x9qspakya3,0.43392426
Id_y5ylohb28f,0.013318198
Id_3s41c0mnx9,0.088949114
Id_k0kz9yhugx,0.041348584
Id_akzn45zxlg,0.13129234
Id_bok3v4meui,0.39505064
Id_ewblr4rd31,0.41353187
Id_1f4emlzfpy,0.023143345
Id_zac62lf0f4,0.51616085
Id_ees03xjmrh,0.013107323
Id_j8hi427a46,0.04735331
Id_nozkcs7twh,0.023742106
Id_93odriaiv1,0.8922499
Id_y62g1mck08,0.046409924
Id_6afxcktqw3,0.006933718
Id_08vy6pqpmv,0.95910484
Id_tc3tuj0fq5,0.026134718
Id_p3i0pqdgzx,0.0052536153
Id_f1juue66su,0.24544875
Id_xf03jzli4e,0.6589737
Id_xtkx7l92kq,0.39477235
Id_ates45a2p2,0.05216133
Id_i69rsluhrn,0.0075164023
Id_obbeglowd7,0.004632668
Id_76sff0ftwb,0.07921451
Id_k1wvzkeibg,0.12961109
Id_cvppcu9dtk,0.48590255
Id_p21trnlm74,0.29743046
Id_x3003erpfp,0.059384327
Id_efdwgqd7ql,0.045772806
Id_lhsftcq0qj,0.02052185
Id_9w6y4d0f27,0.1805417
Id_jje2dldxrq,0.41313854
Id_8g7mpx73iu,0.59441173
Id_ystdo3wigm,0.6220595
Id_ywwcb8ps97,0.019539624
Id_8ez4xscjos,0.99497163
Id_2jf4w4j44j,0.39832574
Id_vxay7eegbi,0.067233175
Id_px50ejj10r,0.03170405
Id_tfgb0tyrty,0.03260539
Id_mthugifxui,0.013626577
Id_com4svhopi,0.11940756
Id_mm2lhjym5t,0.80058265
Id_g3g104pqzd,0.091472335
Id_1jffeuc1dj,0.07548189
Id_rhc2kl5g55,0.11316292
Id_am02p2tzuy,0.45687437
Id_regox32zxq,0.14360352
Id_6kf048eavy,0.09572279
Id_omknpzp2ak,0.002645704
Id_cenkqwdm7l,0.0035839055
Id_ewipl8qtuw,0.96293145
Id_8577gbn0e7,0.992238
Id_7om3250j9e,0.99751353
Id_xeuoeg20r1,0.96008253
Id_yvcri3cmts,0.9978009
Id_v7b4ypc0ij,0.027693981
Id_dwuchnvp2o,0.92383486
Id_m01a2wvxpr,0.315752
Id_zm6vqjc3s4,0.43483928
Id_lts8qj5gtt,0.9613936
Id_d57wdfouya,0.3727413
Id_lp9rw55nuq,0.33113363
Id_kz201ybqy4,0.2919968
Id_bdapa7dbnr,0.0073050875
Id_cku4oys9ly,0.6783828
Id_9imcpw90ws,0.00255166
Id_lg5hmsjw0w,0.117365785
Id_n2zxyp8ozp,0.069270074
Id_2dw9p45brs,0.0034389994
Id_fullxeblop,0.6078726
Id_hn6w1c50jg,0.19966513
Id_202mo7k18v,0.03386541
Id_35iylanft2,0.059855577
Id_22rckhfu74,0.04072079
Id_05enka6e6k,0.7144123
Id_pa42qrnqsu,0.014815458
Id_2wyft9kpo6,0.95419294
Id_i7wm3hgav7,0.019897413
Id_g3g4yng0cp,0.99459827
Id_xkycggq6zr,0.027709264
Id_hry70yghdi,0.92237586
Id_7fe7yhjh8a,0.3610098
Id_q8vp7a6kvh,0.25471327
Id_hn7eljea0c,0.0036752233
Id_cu46z0wtbn,0.029207082
Id_kf49u2owj9,0.20238018
Id_cwuqv2hemn,0.16648489
Id_uuoplcjhik,0.028838651
Id_xwef9758c0,0.9608572
Id_bbdpuc13mt,0.44372392
Id_qm5zbv3dqs,0.41905418
Id_xc458zxp8n,0.049987104
Id_5dlzzvzu7z,0.9597608
Id_vvh9x2jhmz,0.8238282
Id_a3lsvoib9e,0.11702585
Id_eqm83ic4m9,0.22808081
Id_xy20frex7o,0.34975892
Id_0d0fcqrqiz,0.0015802997
Id_i6wj4m9x2n,0.5571959
Id_puhqi47sl7,0.042473014
Id_fzd6uelqdt,0.040241912
Id_dapxuyl0kv,0.22543027
Id_3688t4ltez,0.07718064
Id_6ydbe8k1k0,0.79746616
Id_nrqsdlmxxh,0.9964025
Id_mxn6qtsna1,0.0049214805
Id_ml1zx0y5gl,0.007202413
Id_fhkjr8dykn,0.6372192
Id_n5sq52hdoj,0.0055830353
Id_0uxhybtjl5,0.94979304
Id_kzh96q88bd,0.022021526
Id_yaqxnrvpyo,0.8475921
Id_15qd9nbtr6,0.091692805
Id_x3vu0lmdqz,0.048260212
Id_s1sfh8q0sm,0.88745826
Id_j39rsaxv9x,0.11417775
Id_ev1om3wblh,0.9479148
Id_b5wmhiambg,0.062198594
Id_8dsaqx95t7,0.75044954
Id_ck3rnbfyjh,0.53012174
Id_3dzfgus94r,0.003551036
Id_hj5xxk235f,0.013813178
Id_hi2aqujzip,0.020766605
Id_v3uyrexc6m,0.5514627
Id_huysuslo7o,0.020949595
Id_9esczul5fq,0.02606008
Id_brx4sdpwsz,0.43176332
Id_wnc5dh98ow,0.55675125
Id_bkrytf6qpo,0.98336625
Id_zuxemjeq2j,0.22680865
Id_zh1vstq7xy,0.108939886
Id_njjyxihirh,0.01087475
Id_22hadf3npm,0.62272197
Id_621yyrkbc7,0.41053307
Id_3yod0o903z,0.036835752
Id_f6thdicfx1,0.22560191
Id_cfxbc8mxa6,0.9787578
Id_t393kw7t4u,0.0101889
Id_oikc88k6ov,0.012065715
Id_mk1iyktjj3,0.9093236
Id_ukmg1fe4sl,0.1680523
Id_fiuzxwgwzi,0.31742918
Id_e9t73zgn0x,0.4095941
Id_igjbc2jy5h,0.57984096
Id_fiav3fj5n5,0.05154194
Id_f61doydnaq,0.0033239662
Id_cvoeaetwe4,0.14406869
Id_9ldafk3nlj,0.48286727
Id_exyiv8agqe,0.0069023115
Id_b5ywcspu1f,0.70712084
Id_0g3knr7fvs,0.024999566
Id_15al9kmkcd,0.06331372
Id_7ab67qxfiv,0.6878998
Id_z3qdnmn9q3,0.2562672
Id_305ozjzlmz,0.023750065
Id_709j8qrxat,0.0028334092
Id_haeujusld6,0.9985102
Id_96borhxbpv,0.06755792
Id_ro2jwdd5uy,0.29448688
Id_1tcfd92lk2,0.6305224
Id_pbox0fm3u1,0.10581559
Id_ihiolzdxna,0.018150391
Id_579iqpzqyj,0.22897707
Id_2r1y11q0wg,0.18453206
Id_7ak4adbl14,0.99765885
Id_g0u6gnx5nw,0.19908167
Id_pn7b3mle90,0.9705706
Id_da6ucbymhn,0.056998886
Id_71takmxtrb,0.27793404
Id_nkydwcxn12,0.12143295
Id_iyfanduv8b,0.5206444
Id_24c1l1s9zx,0.18451749
Id_437ct6woog,0.10597819
Id_v27wecgq4s,0.8928584
Id_9axn3nt95a,0.8349605
Id_qrq5r4b5dm,0.043714747
Id_x5tnpkztq1,0.0076789916
Id_nztfqrdo22,0.18651465
Id_7552lew1q1,0.02238477
Id_jrqihfiq2h,0.28150213
Id_b50jkim5jh,0.11215818
Id_thgq2lugpt,0.8783736
Id_p97gank3cu,0.07217074
Id_8xszxps51i,0.005784073
Id_tkjcu68b01,0.40143648
Id_8w8v64w1f8,0.9844838
Id_9j6oz47vrp,0.98744905
Id_v54hrl88y4,0.9895409
Id_guwgy0cwxr,0.025430754
Id_uhcxp80o0x,0.6383321
Id_97cyn3fkhz,0.5246187
Id_flag8ua59u,0.024098111
Id_lzokvnie26,0.038602285
Id_n4smd098fw,0.16815375
Id_7vzcodqv1j,0.06968445
Id_dy3havgfuv,0.124446765
Id_2fidc6cwxn,0.17818995
Id_dy472n1q3i,0.3698954
Id_2zt6m5f4bk,0.98617166
Id_abbnvg2xjt,0.23176575
Id_719gfq4bbi,0.94188946
Id_yfqugxq06s,0.21857783
Id_vu6u2fxprn,0.9911074
Id_njn0ugszro,0.3317183
Id_kppmeqk94s,0.020149311
Id_4sdwxg4xnm,0.0052555273
Id_jt7uxijhw0,0.3823108
Id_4x8raqjq7i,0.19245282
Id_oyv68u1dkm,0.9697483
Id_dbjse28978,0.28810093
Id_ch330vmids,0.0065086647
Id_vao287hv1f,0.010616599
Id_nxhzqujll0,0.11504449
Id_h890qicmt0,0.010849743
Id_y4dq6mmmjf,0.034223523
Id_7wr8uj9wpr,0.041496713
Id_g01k9ahzh3,0.08021897
Id_8lo88bta3q,0.9979335
Id_6obelhudu6,0.47241142
Id_kftu3l7kkd,0.108733065
Id_m8ypin55mz,0.22355476
Id_u1ud8oazwu,0.15654154
Id_1bmknryhxc,0.058086354
Id_s3u21bcs1c,0.12600696
Id_163j6do8dt,0.6836356
Id_oekesrl5t0,0.09890769
Id_u7jkl2wpl0,0.4082101
Id_11yb4rk8vf,0.1495864
Id_7y3m47la6q,0.49582112
Id_7jp21wo3de,0.67381835
Id_miynvej6a2,0.15812542
Id_hfx1xp53p3,0.17064127
Id_72uxatoazr,0.06625622
Id_elioph6w1f,0.9258754
Id_1ke76rdjje,0.71470076
Id_t46minskam,0.004377691
Id_z2c8otk2yi,0.6298031
Id_q2uovpqmk6,0.09516256
Id_3kka933aho,0.042977903
Id_r4addjw4vt,0.083214365
Id_83ogv0svuf,0.005147165
Id_sbls3y3jvy,0.88502026
Id_moi9rocisn,0.9928039
Id_499rp0shg1,0.9925965
Id_ts5usvwfm7,0.009789315
Id_y781z197gs,0.024448121
Id_ew2x9yz4vb,0.010515656
Id_1ieb8g8r81,0.24902426
Id_vquuzwxkik,0.23085567
Id_ta4y7cah3j,0.62696624
Id_wxdmdg9jrq,0.030305209
Id_6ka99fa5no,0.39116827
Id_q12cz2jc14,0.8532821
Id_4w1htscb4b,0.90341717
Id_rggoin2c2h,0.0020919493
Id_zsiel1ur1j,0.97968686
Id_3l8s6ervkx,0.8701922
Id_yazfl678oi,0.17242141
Id_m5wcqlbcog,0.019225622
Id_pndgc7t373,0.028134324
Id_1inopgvldd,0.9896628
Id_1wfithj70z,0.9982657
Id_v2xpbbokwo,0.97572154
Id_12d1frupv6,0.7481796
Id_pc3devko6x,0.08639234
Id_yvfnf3q60v,0.48398098
Id_homohwddj7,0.023228267
Id_p5nvctj90i,0.9873465
Id_x0ngpknxvm,0.24045518
Id_zzhr5kss7u,0.5473708
Id_eizv1bpafl,0.037364688
Id_tketya3hfr,0.93093604
Id_liytd8x7gm,0.019191243
Id_lc3hqzvi1x,0.06498713
Id_igm4l77gpu,0.019303285
Id_jsbg9ole3f,0.82501936
Id_t5l5zo1kfq,0.005881713
Id_goh7o5pwyv,0.008014556
Id_l2s6fptvq8,0.72383213
Id_yzhvn8vj9e,0.90622073
Id_z47s7oahoq,0.068284035
Id_30kc8ah8wl,0.14832275
Id_lavsin2msb,0.0793883
Id_wbbwoageaa,0.105450355
Id_2ccffioleh,0.9623019
Id_v61ik1uco2,0.035338532
Id_rm03xq0505,0.019115407
Id_x8gdvql2fg,0.019152543
Id_iwjxxb9h34,0.0438464
Id_c6pqbm2wyv,0.042438667
Id_4vnrr3s4uy,0.5065767
Id_ownel7ybnk,0.99852556
Id_vj9dcqpu9e,0.85171497
Id_iuzhycb1vq,0.97992456
Id_spcat8solh,0.8366352
Id_yvvmhb6w1e,0.13477275
Id_6vvoczahnx,0.042018894
Id_3dbjfbfs00,0.023299888
Id_49pusliygy,0.3852376
Id_nftpsfd9pk,0.02872892
Id_m2s3otb4jj,0.04369354
Id_aj8rsxem3u,0.7112199
Id_ofbcp8wusw,0.036543008
Id_jjnj2byia3,0.02077907
Id_3kqkvikuvl,0.4545587
Id_tsu6b1cq8p,0.2821767
Id_v0nvzynpqm,0.94737136
Id_j1opc4pyxd,0.98027277
Id_i60entnyr2,0.039027523
Id_77rsnxhav0,0.7828476
Id_vsglsglgqw,0.20017813
Id_uu9ehvzpq1,0.022540461
Id_vk54crp1l4,0.043902833
Id_vurpswv3mx,0.0015328018
Id_jfclrhuqma,0.004808194
Id_mmb0y6hjco,0.2813979
Id_pgajp6ywv5,0.0010241416
Id_62uu70ow4r,0.0044281427
Id_ep1sr4nzew,0.019333674
Id_joim66605n,0.015506116
Id_nodq5cuy4m,0.70333284
Id_jhrgnstlo8,0.11702585
Id_pj2uohkt3l,0.008208226
Id_ooa89het6b,0.010193329
Id_a4b308etct,0.24073042
Id_qg1hnk0jh9,0.07125957
Id_lpmhv9d5d1,0.11267307
Id_422tq7oddx,0.6895063
Id_kd9p7yir6y,0.25748062
Id_qfgs61fpzw,0.970154
Id_m1tmygaylx,0.050506886
Id_f8iw4otgov,0.9086945
Id_npm5q5nceu,0.18018338
Id_w6lxqmo0gu,0.722428
Id_x5iqeru1x8,0.010705619
Id_czubwoj7ev,0.70673454
Id_p0u1ilaznb,0.91786796
Id_hxf43uzsle,0.59090257
Id_j3l7bpah5s,0.027278127
Id_cj5zwtd6zu,0.16337478
Id_m5tg7zu2oj,0.24816234
Id_eybo8quh4q,0.985269
Id_6f76h9b2wa,0.9907679
Id_f5jgdqn5c2,0.071216226
Id_d5fz41i924,0.8035016
Id_eccqcvvblc,0.032380164
Id_8psqr36y02,0.64477867
Id_tk9gdtvbjk,0.42498168
Id_ryqyq8cjow,0.93073183
Id_v9pywdes69,0.48084736
Id_hyr36290f9,0.5450092
Id_1xbftlpdhl,0.006352184
Id_zxy18w1i78,0.003963484
Id_pq9nq2lh61,0.025948986
Id_2pxo6vqrhh,0.1737104
Id_xoidbttxgu,0.9841286
Id_39y1s17yu8,0.3908568
Id_j4z5gcn38a,0.07729583
Id_dgt0f8g6v9,0.15291917
Id_x0l8xb11wn,0.5840442
Id_ehy93j2yll,0.7245982
Id_g9uo4tisls,0.003020098
Id_w1is0lprul,0.21169028
Id_7lj1tjq1qk,0.024834868
Id_dfrgdn3df8,0.57506484
Id_m3wfylfmze,0.32393813
Id_ajoqcrxqll,0.06153449
Id_fudnd5pxp4,0.0037176835
Id_ukeq77l5j3,0.22619097
Id_d1d9bx35xv,0.008431451
Id_yk55thl7ss,0.008513964
Id_5skyiudw00,0.9837336
Id_5g56ygxijd,0.108818375
Id_vaf4522t6l,0.00993722
Id_d4hwtrcf9y,0.99715877
Id_r4wl346vyh,0.010487824
Id_m7kpxmimht,0.013537064
Id_0k0elxbf2q,0.87033355
Id_sdvnioe4di,0.03936116
Id_vrzsyxyppr,0.049707025
Id_vgi4nzdmw6,0.0019650953
Id_tisuzjbvem,0.09286588
Id_itotco83ch,0.23159777
Id_ac2rnqxi02,0.10662019
Id_3ph56e28f7,0.0040969434
Id_pmgaqihqu2,0.11223054
Id_vyxgfiuwgx,0.4453821
Id_gfr71u4frc,0.3489072
Id_bpa5n8e8du,0.84728277
Id_sxrcaq8e7j,0.16870496
Id_p6hyhxyjgu,0.05344618
Id_28l8ftnv6n,0.16436465
Id_7l1xhhhuxo,0.72782373
Id_85ymdirg05,0.008620603
Id_3y6fo5wdfn,0.09451887
Id_2huhneam6k,0.1754584
Id_oqw1u49nlv,0.16497539
Id_oigbk11pvo,0.022011688
Id_7yjooi5p7k,0.29500374
Id_v0pui7hslo,0.48027226
Id_2rca0nunlo,0.024960915
Id_ddt54xuc20,0.015593117
Id_18a40506ko,0.81274676
Id_t5ujpo0isy,0.05923311
Id_yakqrme1je,0.4301305
Id_3q4y21ciis,0.08018179
Id_9dczebw4q8,0.038490936
Id_wwrkqix53m,0.2582274
Id_6xwhl6stg5,0.12475886
Id_ze86clhl8i,0.5280104
Id_eidkgfmnms,0.40411744
Id_ybmmyl9b2v,0.40103945
Id_3ltlzi20th,0.1880045
Id_gf1rbol0lr,0.058497727
Id_912tii1shu,0.5149943
Id_swgy10t1q3,0.018189242
Id_weipxgsg6e,0.4353811
Id_iyn6n465o5,0.014803985
Id_68thyri47a,0.05536497
Id_f6nxtd2zs9,0.7774836
Id_fb2jnkslsl,0.01132299
Id_xqvxr3k342,0.058267806
Id_esjmypg3bn,0.06517169
Id_3yg0tc6v9w,0.67181927
Id_du9euwc63f,0.49554455
Id_faga8imfg5,0.004197005
Id_6wvvy2qvsy,0.09883322
Id_y9tcgpjgkw,0.18029873
Id_0zja78viwr,0.07003739
Id_35me5s5yvf,0.019445157
Id_ix175ensij,0.019700108
Id_n2zxmu7ra1,0.9531875
Id_m8suo0zmki,0.016030034
Id_wy2oxw7n6r,0.009686615
Id_kuj2kag90c,0.08372444
Id_td396iyygk,0.063535154
Id_ucb53zt9tj,0.01919948
Id_4hdsmg90hl,0.08103918
Id_t69ym4q6dm,0.016489815
Id_njapvhm019,0.015480273
Id_snuijc58w2,0.013077122
Id_txcj5rqwbq,0.0034587083
Id_p1fjjzl2x8,0.96092784
Id_0dn7l3h91p,0.026261758
Id_hzvstpxonl,0.029036364
Id_rqokia7fqo,0.26162806
Id_0ebo4xyc83,0.98865694
Id_dua60u5h9k,0.9969983
Id_q14lcr5y5l,0.47269344
Id_1o0nts3955,0.050850596
Id_54jht37a9a,0.29959047
Id_pj4qgzfxma,0.009786237
Id_x0lwfw7omd,0.10440078
Id_aregt409q5,0.07677489
Id_yqc16lvj7q,0.0027246627
Id_bya9lkmylx,0.005016245
Id_l6jdqtgddq,0.1614322
Id_ddt6pfv1hm,0.007146889
Id_w4i6jq2b9o,0.012777183
Id_9qfh2hulaw,0.060981598
Id_ik4z1c052r,0.0028526683
Id_6p2rblsbkj,0.009153032
Id_fs45ca34dz,0.1312541
Id_z240vn4lrr,0.19668335
Id_orl6nt19yk,0.036450475
Id_yt6b754k6l,0.78709215
Id_ja431y5ldo,0.22178233
Id_nfqptndvg7,0.018230729
Id_wohsfy1vk0,0.05901655
Id_0wan1z7ylr,0.031347435
Id_ji7rhas44s,0.6333677
Id_3mkmnsmjsx,0.028727341
Id_23xbq86rmi,0.03814711
Id_tfw9caz6hw,0.10485559
Id_7wuxjjf6jz,0.005726751
Id_9nllh07a45,0.031562466
Id_o379zlajhg,0.013819136
Id_51bp7sl39b,0.06757921
Id_6sjnt9ewkf,0.99491936
Id_90g4n8so17,0.20395193
Id_32zf56l9ce,0.3913961
Id_lpzyo9wovz,0.95063967
Id_zsurfh92rx,0.50918096
Id_z1f2ofu2m7,0.06380834
Id_wggs2pd689,0.96182173
Id_12pix46sq5,0.25554353
Id_d6dzxett5v,0.18325806
Id_uibpdvcxxw,0.0010032554
Id_xcaf3403r3,0.24214078
Id_0qkp6qkbo9,0.49351797
Id_so426trxo8,0.05032212
Id_u611py2ky6,0.002760652
Id_tk8ffyupvu,0.11686598
Id_n1d582upwu,0.08926114
Id_0h4wjg60gi,0.015446509
Id_80yx5alq3y,0.034076106
Id_czvt7bf7ki,0.113227144
Id_kwctpclm9t,0.35877436
Id_48zj3eol10,0.013380606
Id_l779nt9yjb,0.941336
Id_3ugtpl2q57,0.013486794
Id_eg3epayu42,0.386647
Id_ifrw8syp5g,0.17960887
Id_kujzry3zci,0.021317564
Id_6imbemuog9,0.23398559
Id_o0a66e9rg5,0.9866614
Id_c7kurdpczj,0.9968227
Id_n7tjndhbru,0.27659717
Id_2269pxi40v,0.5129822
Id_btgny8lytz,0.17494945
Id_kf192e9qp8,0.021031637
Id_ul2v3z8uh0,0.0037815736
Id_wt3eblrwki,0.32319972
Id_h21k8bi3rd,0.5787742
Id_mbkyac0b38,0.87720174
Id_skaa0uor5e,0.21215193
Id_4253yprz3t,0.011330584
Id_yh6zgz0ozn,0.7737108
Id_huqwsqixpf,0.99488246
Id_blaa7rao4e,0.047299925
Id_pgi4wiieae,0.14621808
Id_ltketfcwx8,0.04446787
Id_hdqud85267,0.76809937
Id_mbkuq5r0tj,0.0030495974
Id_kts979c6d3,0.50893617
Id_w4evnjwo1b,0.07947634
Id_65lz8d775l,0.031044083
Id_oekrongesz,0.009266884
Id_7q1qgcg1z2,0.30641568
Id_9itt0mvut2,0.119504996
Id_aw2m1l9pl3,0.006759121
Id_tp130oylun,0.055108227
Id_vu0go4qig8,0.052831344
Id_3p2we0xrhp,0.971555
Id_a87t2vzq79,0.0056668064
Id_usy9mr0vda,0.9156743
Id_0i3gib3ccr,0.0015185082
Id_obcqaeuu2h,0.6286316
Id_oylsv0e008,0.026844917
Id_otsrdmmvex,0.9694492
Id_hct3htn53j,0.14090812
Id_bww7r8u7fz,0.7413858
Id_stg8se4gth,0.02816032
Id_2hj9e5d4df,0.027555924
Id_5953c2fph5,0.99947697
Id_vhj0rr0pf3,0.9940965
Id_5ujqt60emb,0.5470841
Id_vqqf2oglsl,0.036171667
Id_74m6uo00zo,0.0119675975
Id_q8bp71i0cx,0.0782302
Id_qtob5v3gg5,0.060131196
Id_u34a6v0xe4,0.046605337
Id_dyxhkjt62k,0.04287851
Id_gq2yp028hm,0.46989065
Id_vkovnl2bor,0.111567244
Id_716j65p14t,0.9647355
Id_znwp5oxeuj,0.17707619
Id_wzingkkiyy,0.20982234
Id_lg0oidihkb,0.9500318
Id_wyftha2yzm,0.018801369
Id_qelisjmvu7,0.200126
Id_mxz5t2f6s2,0.08261654
Id_qvahu4fhl2,0.0028740007
Id_7pvavmi8nj,0.022691973
Id_h44mik7o77,0.059994075
Id_weqxxjsxlp,0.46305725
Id_xwrdohgwwb,0.7299192
Id_ue7i5njaj5,0.029527804
Id_j5cytxk3fd,0.00095939945
Id_hc1dkq1ull,0.8314752
Id_p58fra4ibh,0.52258027
Id_rn6k0x8gmm,0.09176322
Id_gz00pekb5w,0.97999865
Id_hif7jaoik7,0.06533695
Id_j0wtahm9rq,0.16690013
Id_qgfy4fz54l,0.012985737
Id_hcr6kog2wz,0.2933398
Id_pfrxx17160,0.6690493
Id_b9sapq7j2q,0.0042628106
Id_cixet4eqi7,0.0585148
Id_b90o4ez0z4,0.046574246
Id_0dvymsm4j7,0.054693732
Id_lx7nws3o9q,0.7549408
Id_tdzspuyh38,0.6669894
Id_bsw59bkm6d,0.14202663
Id_2sba7x3j8l,0.8567921
Id_6rgcbx1ckw,0.13722935
Id_t5z0yd2mzp,0.02037235
Id_5ibig32cv0,0.8992614
Id_0ep1wdjasa,0.024368122
Id_e52lzlle5k,0.011485022
Id_emkugrtqlc,0.0045994706
Id_h4ited8c70,0.0323198
Id_6eew450lnh,0.18705432
Id_689obromvr,0.06667169
Id_vp5x8v01p2,0.19130565
Id_f48v2b18z7,0.065346666
Id_96s31b2x09,0.16220705
Id_mq2wtuondl,0.9950854
Id_bcx5rz5dw7,0.06070575
Id_hzly0pe4t3,0.048037708
Id_3as9l7qps0,0.9847973
Id_5w39l1m4db,0.5472554
Id_b4v78yjpr8,0.080453105
Id_hndnxrot6d,0.05545238
Id_1umqo2101t,0.0017222704
Id_fbmisaw589,0.42347947
Id_fepr7c7ald,0.009976856
Id_1nponls3y6,0.0007205987
Id_e3pelntdie,0.88846016
Id_opb265ilvi,0.26355115
Id_r92o07c9vt,0.097824134
Id_vs9y91wm85,0.037765514
Id_mdqg1y14jp,0.79890996
Id_o8q09fzis3,0.028477397
Id_fbiq5gpnkm,0.72040015
Id_jjk5kuiv3u,0.44181702
Id_eyuxuig212,0.18496299
Id_oqyrtj9gkf,0.11219809
Id_htp5g3tofn,0.02002783
Id_2zmysqu0kp,0.049009133
Id_6ztxctvwpr,0.32381698
Id_tqhd7uflt3,0.11238846
Id_2nr45wi83i,0.13190562
Id_cxj020r8m7,0.005987954
Id_5ykc8d8s7s,0.048000447
Id_a3vl6imzwh,0.5519743
Id_q3xmaej69o,0.39600152
Id_yq29s7kv0a,0.1473138
Id_bxwsuykart,0.84459126
Id_btl3itfcb2,0.38403308
Id_e2fcrgr3hm,0.5850325
Id_ca4gj08n5x,0.7069244
Id_r3yeca1ygp,0.21524024
Id_5rjtlvgmn7,0.52740544
Id_q0pnvprodq,0.08251645
Id_5xtx6p8hre,0.4661033
Id_wdfrg0sc7k,0.08012137
Id_96t2an4t26,0.60816276
Id_dy312u2pkk,0.02036774
Id_rcvk8o4o2s,0.04354019
Id_n91k3moodo,0.91456085
Id_fta3hilj4i,0.025886603
Id_hr7vquzbji,0.9868246
Id_l7wla4sc3u,0.05635073
Id_asksbt1luk,0.1777944
Id_4aek7b2vq6,0.11930172
Id_1x5n4k7pea,0.097207315
Id_v51z5uizsu,0.9947025
Id_4xb2dnoybh,0.044007998
Id_k8jcw9fcrw,0.03831845
Id_lgoaurirll,0.19684312
Id_hsv0h16xsi,0.94647896
Id_cpydcw4urr,0.19962667
Id_ljkph8r3gs,0.9277133
Id_ayaoxoti47,0.03893627
Id_2oqsl3jr3l,0.009607601
Id_07f4hjtzqb,0.03665048
Id_bol12ewzw8,0.1683167
Id_spv45ccoqv,0.9876961
Id_w5kh5n1zd5,0.2928183
Id_rbl7rezejs,0.2020766
Id_7vmwomlwz5,0.69604164
Id_u82er4wh2o,0.99820125
Id_qxyqve9g6f,0.046020586
Id_mb86v21jrh,0.0036591825
Id_366gae5k7r,0.35228318
Id_a9r9qojhjz,0.21742131
Id_k16m7ylb86,0.056666035
Id_qv1297uhjq,0.08665303
Id_rpc1pm6a5i,0.7560294
Id_oa88m3grg4,0.99440247
Id_itmfnm8fuw,0.20343216
Id_gapcw5dfi4,0.9904197
Id_pj1dso1zua,0.30449435
Id_pbmgd8yd5r,0.884797
Id_74f1vxct9g,0.027010616
Id_k3fowpwonc,0.9544966
Id_hq5bbokzcf,0.022933831
Id_8n3v5qipqc,0.35339463
Id_fyp4bo5245,0.0034976318
Id_0qtcbyfc6p,0.1487339
Id_ldgvqs5ypq,0.32780734
Id_36r4htuehx,0.67891365
Id_nb6gr6ufir,0.405845
Id_omr4m00nsx,0.21679051
Id_1u7aeplg8x,0.0017066402
Id_1o4gd8k0cf,0.7421685
Id_g68ny83i04,0.73827183
Id_evchj9rwgu,0.003758037
Id_nvy147nfjn,0.015438398
Id_x1ccogjvtc,0.21052441
Id_rhbnevsoz3,0.016568562
Id_3fe5krspxj,0.00850348
Id_bg9a83gth1,0.30839124
Id_yxutgx92b5,0.042144235
Id_ygwkbx0h9k,0.4494726
Id_obhulah9ha,0.983024
Id_okf2ci4fo1,0.00911176
Id_zdlsnt4h02,0.9982217
Id_kvhzlz8g7s,0.009113026
Id_8uqliv7ul5,0.30562764
Id_6gw2bexi49,0.09441816
Id_ob6y37lgvv,0.6142991
Id_9gsyx5qges,0.9875437
Id_h6snjadlli,0.03310419
Id_w74rvn41a6,0.052688196
Id_1t6ccd6ncr,0.52967715
Id_jt1c6nd68s,0.3016296
Id_gs59aafdd0,0.26319745
Id_md4a9zhqt7,0.028429603
Id_ymdnn2ircf,0.35741454
Id_z6w0itjfst,0.11717401
Id_81lgpeebjb,0.009537352
Id_os70bn976o,0.0055254195
Id_z2j70cgp9i,0.22829394
Id_owfiulno6l,0.051112365
Id_muq49pklu6,0.061196495
Id_thzjt8s2zt,0.939574
Id_fkh5agb6ka,0.033600766
Id_nmc9gn4h7q,0.1633264
Id_bsjgmxtrq3,0.32528475
Id_xlvrifhos1,0.81691617
Id_oylf8z8lql,0.993662
Id_iudasw2mjh,0.04536918
Id_fnb751rdy9,0.0024889447
Id_4zt9bbgx7g,0.078844704
Id_qxv0ur9qtg,0.057119686
Id_4dfr3ctpct,0.06336331
Id_t5ecvsj3rb,0.0159901
Id_ui0m1ik16e,0.24959199
Id_jvjvnagb6x,0.74537176
Id_yzjwovxe24,0.03969026
Id_ag7so049kj,0.010677632
Id_6nhyxovsr1,0.65285224
Id_hwmqdnfvzv,0.08898682
Id_oigd98di7f,0.03966822
Id_i26qivwxar,0.38814777
Id_ccvuq6mpa7,0.085041426
Id_9arq273apz,0.6731279
Id_mk6p1hvz7b,0.13400452
Id_8w7k1hud05,0.011589707
Id_ffw3756mbt,0.20295352
Id_c0hy4744wu,0.64867127
Id_ebmqkqkdzd,0.34126717
Id_ldqxasu339,0.18152665
Id_2iz7bo9965,0.016524596
Id_0ifg401y1o,0.4795016
Id_7lprznb4yc,0.37021095
Id_mqw8hwmcdc,0.027103651
Id_1g0kjqzmui,0.3320351
Id_xcmc3idtyu,0.014445137
Id_je71cguamw,0.016535504
Id_2npfmhrtap,0.0037929525
Id_xyoaatchue,0.9372964
Id_tn7jeqct3s,0.013275386
Id_js2ayy2hzo,0.06613842
Id_efvg8a0772,0.016616171
Id_8194qgfmez,0.99617225
Id_jhl3hwdzu0,0.010140051
Id_t836h4bde6,0.17639948
Id_kz0krs19pb,0.9885529
Id_j3zdpnicp8,0.13965818
Id_a3ofu1bw68,0.005883748
Id_4aq31fhaoh,0.06431047
Id_tjsyb825w4,0.98967034
Id_xp44u5vp14,0.98466265
Id_1hnvj1ghyi,0.21811911
Id_zv05tanaco,0.25321308
Id_hhjctb3xtz,0.15900604
Id_afq5i0nhn8,0.07336088
Id_bvmu40uep2,0.020080667
Id_fkzi4qiyxc,0.13665195
Id_lbie4s82l5,0.039451562
Id_mrro9nbc03,0.092325486
Id_nmk5kyq7wl,0.3850361
Id_i9tmva0z2l,0.060014788
Id_orpv55ykf8,0.60313
Id_hn9ospgxvy,0.03192093
Id_x141bd2yqa,0.3656005
Id_3gywujyoz6,0.27098352
Id_rhha0orwv4,0.022305582
Id_1y4f16a0wj,0.5697023
Id_91ya3bxlq7,0.92831326
Id_ujte9yy8jh,0.14548108
Id_klbm2fy33e,0.98493654
Id_kw09alnhcm,0.02535325
Id_w69cqpzjre,0.005707076
Id_rn62pa64jj,0.05885874
Id_tv3lwksb9u,0.9907719
Id_jdd7advr1f,0.76393735
Id_q12nit655n,0.7159552
Id_ucisamngtc,0.09934434
Id_1505rly94t,0.80284965
Id_p2ticfi5a3,0.69485676
Id_971cpcmgeb,0.31328967
Id_74t7i54h9m,0.49573088
Id_qm923l3qe6,0.7995597
Id_16m4z0fgq8,0.1319261
Id_6yarhlagfn,0.6157849
Id_8h4p8dbgyi,0.15317184
Id_uk94lpv29x,0.012376812
Id_vz7999biz2,0.009315517
Id_yvn5zf90x4,0.085710384
Id_xicvyk1uas,0.0030647016
Id_4qbp4ysj8x,0.13516094
Id_2r1cltyfeo,0.9840836
Id_k01w1mdnt7,0.036487874
Id_auesh05ei0,0.99705935
Id_wl1isf64b7,0.009749262
Id_4lqrgdf91s,0.017774096
Id_3wjzcvmc9y,0.0008453356
Id_tmt2gy3g3a,0.7513124
Id_d9srrchlik,0.015452914
Id_dw48nc88fe,0.8082574
Id_4ibtm42nul,0.10998908
Id_gjezrnk3bf,0.00857096
Id_wk1h55trk7,0.016266577
Id_kte05ykcd1,0.1987064
Id_c99mz7evmy,0.3361655
Id_nb6csy9eki,0.26075044
Id_0rvjxas6jf,0.16231501
Id_5jxjqfj26a,0.04738334
Id_crtloo1w35,0.0108476095
Id_cbd0h8ifsy,0.025470793
Id_p0l9dmk4dp,0.0062508043
Id_84ygo6lec6,0.18463944
Id_wos2e4tv1a,0.02988952
Id_rl83cw9w8a,0.1817362
Id_i56lzsll94,0.035740297
Id_cmtt8abun9,0.5367936
Id_0x08vgtub1,0.7733212
Id_fvkv8zme4x,0.9861119
Id_7i4yte00nj,0.08127629
Id_t47p0i4x6c,0.071129315
Id_mcol5zvtze,0.42811105
Id_173j22jmkk,0.9205035
Id_5kkth75etx,0.26499295
Id_kjpsm587ss,0.0018561028
Id_vpfhmrlem6,0.95411634
Id_tw1osu2x94,0.64851946
Id_6ch9th6hq0,0.0075015617
Id_sq0verlasw,0.06934483
Id_g5m0xg322a,0.9884256
Id_zz2875e1fm,0.97702855
Id_vnnfiy2aht,0.02545127
Id_qfyeqy9vzm,0.23529312
Id_rr918lj12j,0.45549822
Id_ia7z68dty0,0.69897866
Id_jxppk4jjg7,0.45513442
Id_jhfstt7ll5,0.021899143
Id_atlb431zq7,0.011986879
Id_thcor98e6o,0.012757285
Id_5xqki5wqtc,0.9128588
Id_akn4wszxzd,0.12035518
Id_9crrww2qdk,0.040687285
Id_67ts0qbgi0,0.34605628
Id_e7eoxhj2i6,0.1061383
Id_hs81rfrq1n,0.7290269
Id_usdpbgwq6n,0.031108966
Id_gegsapzh2h,0.2698853
Id_3gzmgvulyu,0.0083459625
Id_rl9z8psy0t,0.38033658
Id_dnefobcffn,0.002234321
Id_hnu2xw0s6s,0.07710704
Id_suue0uw4qn,0.12154749
Id_s0mj2lyn1l,0.34373602
Id_7y6wy18cee,0.016034728
Id_ferjyn7mge,0.19346955
Id_8bkla4u9iz,0.73964214
Id_k5flsgpru1,0.3159263
Id_7gk6z27f32,0.9983594
Id_gy18i9cipz,0.32388183
Id_l4ubh2qra3,0.13882454
Id_7esl23e409,0.0034760132
Id_4hzte42dvs,0.06400715
Id_f9psbflsco,0.017921658
Id_m9qfkbw0ef,0.41395566
Id_kagb3nqrcb,0.030713497
Id_ftcvpsvgmj,0.8752062
Id_phyhn7i4k6,0.86964923
Id_7kpq9lmwgr,0.017555414
Id_azp7vpcr7n,0.12565616
Id_zjrrpm641f,0.00471152
Id_8e958tixe3,0.06994891
Id_5t1o3tgbns,0.122303426
Id_7zhdpmcgsd,0.56612253
Id_z8iivnnv2f,0.8731238
Id_kmvu7fejg8,0.0632179
Id_jhfec7xx1s,0.0019797422
Id_ph61x0hhof,0.012978221
Id_e3qm8616gy,0.08368876
Id_odo2r6knbb,0.4646905
Id_lzyejcgbdu,0.30031633
Id_g6rfqo2mnp,0.0942367
Id_htpbw46ydm,0.024771554
Id_li0knhgn0r,0.28803575
Id_qowsnzi1lj,0.31360242
Id_b30jj6icvm,0.056856945
Id_ukmckmm4kr,0.999318
Id_97g0isyvcz,0.24601077
Id_1lphdsb8y5,0.036636643
Id_mpevcgfuar,0.40133324
Id_fao04nx9xj,0.6536691
Id_0iecgau296,0.01304721
Id_mm005ihcs8,0.9250431
Id_k4yuju0s6s,0.8534383
Id_jz5cxaf93y,0.036260884
Id_952h3wofcz,0.1562588
Id_o3pslgabgk,0.94346726
Id_fhx96ano24,0.029493716
Id_fqv29c3md9,0.9841175
Id_hl4deit34s,0.5383161
Id_3vos08esnm,0.2611629
Id_seeo63de2y,0.028637476
Id_3ydv83vfu3,0.18679291
Id_2fz4gbwy5l,0.5538786
Id_km7dfoq0g5,0.11742036
Id_q1atvtl4jy,0.6397485
Id_1i7psxexrd,0.1678895
Id_sqll106065,0.99610835
Id_ao409p515s,0.97328293
Id_lal1esrii0,0.62447613
Id_z6fpelof4l,0.43539873
Id_vy1mvoy6z1,0.80534375
Id_zwvgj2uqhz,0.62431043
Id_cx37qxjrsm,0.44382116
Id_rd7x3vhqmv,0.0027787755
Id_yj0vh31gmp,0.98875064
Id_dqueowe5rv,0.055538796
Id_gheaiij07i,0.019122824
Id_oa191uje2s,0.026651189
Id_nt9zkerroj,0.14939936
Id_vwyg1sr1wa,0.13624023
Id_rrs9akle6n,0.6874286
Id_kwmgy1n3dx,0.0015456585
Id_tqfexx8hux,0.66696256
Id_f7zw77oajf,0.07129549
Id_gjjno416nz,0.9650048
Id_6vl40u6tk0,0.5244219
Id_9lgtklpidl,0.1639547
Id_yqa4xagoqh,0.10255321
Id_21fm0m8tm8,0.0025952884
Id_5yy37inwlc,0.13423054
Id_lb58qqcju8,0.7360007
Id_pay54az9ss,0.050167084
Id_jhj1akzu66,0.269178
Id_bx0m1tgaf1,0.71812326
Id_zzzn1zaccn,0.04596048
Id_rqakftwyb9,0.6860176
Id_boer1o4t6d,0.10029534
Id_drjo0dcpcs,0.009902163
Id_8ouuwcm8zp,0.39932966
Id_gxs509ol08,0.330281
Id_r9uelehcgq,0.6890213
Id_ppyp9qadwb,0.8079801
Id_8x7483isei,0.99312735
Id_zjtwro0vyl,0.043030795
Id_u5x6i7suvf,0.96932775
Id_bfmk76ms5p,0.7737108
Id_9vfe5bmm7x,0.11201354
Id_lon1xszwy3,0.2029082
Id_zb1sytdll0,0.2477361
Id_4jeizzpbbr,0.97225696
Id_2qbx10ud6n,0.050016586
Id_utihwoq4jt,0.8924941
Id_2vn93u58um,0.9897858
Id_89mvj40rlh,0.3806869
Id_eoe3h61d9i,0.14925623
Id_nycfnrisry,0.9922552
Id_mwtaa2j1rb,0.0044182544
Id_msh8zmog3h,0.10607447
Id_69uuducrk8,0.028696083
Id_g22lwaq8t8,0.060319662
Id_8rcl6i27v7,0.5385138
Id_vueyosaagn,0.15263683
Id_ud8ecs9t7n,0.20229459
Id_id5i266op8,0.25385702
Id_xc80te5fs9,0.20172055
Id_uxrv7ws4iz,0.101180375
Id_jbta68qcny,0.0032321312
Id_vnsydst1f9,0.08603853
Id_yhb1qjfkin,0.11531944
Id_jvw66fieox,0.63671863
Id_beinopg1qp,0.015109894
Id_wghq2z68yo,0.72324526
Id_jh55u9qsx2,0.7014058
Id_gqwoxqo6st,0.12511031
Id_k7xvimf5se,0.029032638
Id_rhbccj437c,0.0022855198
Id_vjnmppkukn,0.54241306
Id_1cqbgnogzw,0.35228318
Id_k8jld4qayo,0.16388753
Id_kx97eub03k,0.25957933
Id_lp3dasj3n6,0.023076609
Id_9hee3aicif,0.85818166
Id_mxii929bm7,0.03987115
Id_t5xdyei4s9,0.12699121
Id_6osx4dn6mr,0.07802189
Id_1pzwroputd,0.25225073
Id_tjpzsg7lvr,0.65638185
Id_juag6sezip,0.237011
Id_be1zngpqlc,0.36214027
Id_yo69fmf0ar,0.008922319
Id_6al6qoszlh,0.043488152
Id_7h44o827gp,0.13741772
Id_l9skxjyq7u,0.02034912
Id_7z1nf0gz85,0.55897796
Id_y3fb6gl6h8,0.11965626
Id_ujbtsc5xsy,0.3320333
Id_cix5bvil77,0.013019964
Id_c42x5mfp0k,0.1495864
Id_z8z1ips4mg,0.9962125
Id_3cofhphc87,0.0977903
Id_6vgvsfj56c,0.06762243
Id_hkvtkwup5x,0.009622263
Id_me97ism4jf,0.07144624
Id_rayrfk924x,0.10894958
Id_jzkxue4hka,0.0013005498
Id_t74oh7os9g,0.16725047
Id_ms624ngn7u,0.07600265
Id_j8z4mr2hqx,0.35560688
Id_th9a99gxb2,0.004828704
Id_mnwb6mrsdg,0.01995334
Id_75mdb21w4c,0.042809688
Id_fylyfunrq2,0.47566816
Id_3j5etrhsdp,0.6931188
Id_aehfozq1ot,0.6816352
Id_qwwa02gxym,0.006464862
Id_ghjud20e44,0.99922204
Id_o1dtpjsdst,0.08786497
Id_ha93u2lawk,0.5252378
Id_bxto2ux7bo,0.1081968
Id_hpo10e9mjt,0.9520028
Id_kj4hz0mxtk,0.09942573
Id_bk7dyajexv,0.65695894
Id_ubw2nlrcfx,0.70069814
Id_fcwydgz379,0.95983976
Id_kfpdh564un,0.70108664
Id_ii2abc8ip3,0.8259814
Id_x7e8l77kl9,0.01678707
Id_47pzc9m73a,0.69199306
Id_2fhrtzrovv,0.33546463
Id_2mo9rlbwbf,0.042981844
Id_87r24bh207,0.8300343
Id_ajykjh38hg,0.08225853
Id_q5l6x34nx5,0.0049468847
Id_6ss03rco6n,0.41914436
Id_qzw3lad2xg,0.20329557
Id_oqfadfeopk,0.7864765
Id_y2h2ue57gk,0.012905995
Id_rz2mejh56l,0.72034997
Id_b1qnoxjxwf,0.012043836
Id_z9k1duzd0e,0.02980928
Id_6xg5hx3ueu,0.0022104576
Id_zfh6u1agi7,0.17958765
Id_05howvlusw,0.017915072
Id_0giut9vf6h,0.082211636
Id_25s096bwf1,0.07803862
Id_0g7x556l47,0.77693874
Id_g7gydlfwiw,0.008379915
Id_fx8jznto6v,0.6467948
Id_r7eu8k84pq,0.5308313
Id_7w1lc6wvrg,0.050184354
Id_ufeq89vad9,0.036636643
Id_uefz4h1v3w,0.734541
Id_qaetv3im76,0.15941297
Id_o4uce02b1z,0.46603835
Id_3p1d2h0y3t,0.18324211
Id_tfn6m35uwr,0.15005131
Id_iv0fx0z9ni,0.0086156055
Id_ttggjnqvk6,0.05644223
Id_rmu321wqjy,0.006674888
Id_0b5sdz4cya,0.0070377123
Id_zapjqsjgt0,0.01514528
Id_v7dwbs5ub8,0.027289094
Id_qjpwwsflr5,0.005217856
Id_bo1j7c32d0,0.086938195
Id_nbsh40v92x,0.401442
Id_31ptkxnp7r,0.04202776
Id_je2p3yzyju,0.016549086
Id_q8abs9uhih,0.68133914
Id_ruv8qy6pvy,0.07970546
Id_fvii1gbvrq,0.6771933
Id_zbgsfomz43,0.012175056
Id_7ty6gq1l0v,0.008852529
Id_whentbnqww,0.9840974
Id_tjko6hklyw,0.07002935
Id_f4qlxs02rs,0.010229191
Id_xjh69l18x7,0.040176272
Id_chr3enrsl7,0.5814695
Id_evneuv6pm2,0.95127267
Id_pw5vz8lxet,0.48291677
Id_34tq11d468,0.0010189401
Id_f50qbtt4da,0.99733424
Id_os6zxzawnv,0.0045700646
Id_dwg90aciut,0.06013143
Id_ryxc05zj6t,0.9965443
Id_xtdhu31fwm,0.3109169
Id_zbpxeayckj,0.0765413
Id_ku2s2xvvd1,0.031135637
Id_x5fqy2wy7r,0.005450231
Id_uunghw7hlb,0.19070236
Id_6om05mg6jz,0.835614
Id_ysycv5lk55,0.0006978851
Id_lhi2qxp5xk,0.74945897
Id_sli7td0qm6,0.031185063
Id_i1p2nvoslv,0.0015897858
Id_o3l51k9yqy,0.8686956
Id_7dcv43jozv,0.89164704
Id_p6ol842wki,0.061137635
Id_czhfygtsrx,0.13408352
Id_8ybzekbhhm,0.33636636
Id_dalfdcrmeg,0.18440743
Id_tfhsaonntu,0.15449625
Id_jr8kis2hg0,0.14404531
Id_j18cj00pp0,0.9947573
Id_25tdmub87q,0.2092191
Id_k6544jw6ss,0.79784346
Id_co58lo3ccz,0.018620469
Id_n4no45t54h,0.020452237
Id_2nqy55s8nn,0.0021003906
Id_nrpzrcqdtl,0.064716525
Id_sgylhz7t52,0.45407712
Id_ihwx6lins8,0.005041174
Id_jnb5bjooaw,0.0027575516
Id_eag0xau0ao,0.10737954
Id_9o0mfcpxkb,0.0060986374
Id_308lzanlaw,0.49598697
Id_9xb6scdbp0,0.06394885
Id_67nq464lcx,0.006942648
Id_n3mvxav6kf,0.03313672
Id_zrz32f0xq6,0.9606312
Id_ssm8r34t2j,0.12005591
Id_t6ttzmxakn,0.0091037555
Id_5vvjjie8jx,0.03989901
Id_whzd1d1nhj,0.059478644
Id_ey0o977lr9,0.9960425
Id_96xv01bz0c,0.1482409
Id_yxczq8h8fi,0.033445675
Id_9vz2ek8pfs,0.42366278
Id_2tfze7yz84,0.0069210753
Id_hp0825jt4r,0.025570286
Id_brih8luthf,0.2886474
Id_yp0z1c38ax,0.85859543
Id_gox9bakscd,0.9809193
Id_25zzwqan2b,0.47673127
Id_ag39pc8jzf,0.4248762
Id_mc5w78bjvb,0.9920805
Id_tr9l4p3m35,0.020686565
Id_yjcpv0quj7,0.007222089
Id_drkpp74ipw,0.5690688
Id_9lz1l9x0l0,0.011314116
Id_6ewupaj8b3,0.685189
Id_dheglk1zvt,0.123126306
Id_219cdjw1ja,0.026606368
Id_k0mz6bstfs,0.5166269
Id_u5oacvri92,0.011731375
Id_5hlu3apod2,0.04825588
Id_bmnfvsgqpk,0.0154671315
Id_u4mld91w7v,0.017293725
Id_j11n7q0bos,0.0108476095
Id_vcqbswzei2,0.5760705
Id_z3sy3p6igk,0.007190567
Id_hu6ou36bvf,0.7939806
Id_w5f7qn60np,0.0037868838
Id_uzpiwtm708,0.96911836
Id_zj2ixhuwzx,0.27799267
Id_d576fk1223,0.9897531
Id_jmo1p0tjym,0.102206215
Id_d8gkscox0s,0.81919384
Id_jetpful5e7,0.0014021638
Id_zonbigyx4t,0.18023197
Id_bi1yc9vq88,0.058155946
Id_iqowdek0xm,0.9832532
Id_yh2zxbusrv,0.10309903
Id_qogytkxokx,0.95171195
Id_348g7ajkdg,0.058213733
Id_irw9oku9mc,0.009187714
Id_ck26va7hs8,0.14944811
Id_gknpeh1mlz,0.80973107
Id_nbo9qanre9,0.3477074
Id_jd3f7tbsr9,0.009550198
Id_yw3hkuk5lp,0.006940475
Id_wwlwidq53z,0.15604328
Id_fj9yzgf5vj,0.98883677
Id_ek7l4lccrm,0.5686959
Id_6z48tsx5ha,0.034776855
Id_2a734z3fvt,0.9786605
Id_kdnreggx5e,0.027954426
Id_cet69pepc5,0.9694415
Id_bfb7jbpp58,0.46619472
Id_3sc9hy9pnl,0.016679337
Id_38fax1mzo7,0.21690567
Id_uky540uhdn,0.24683905
Id_y2qo4d089r,0.96958834
Id_ci4szc3xet,0.8663243
Id_4nbjxpmod9,0.31387162
Id_2et53ico1b,0.7450816
Id_llhb3h18zz,0.13584924
Id_4xy2q6bvwu,0.46029866
Id_0t446pf9sd,0.0018268427
Id_00zlrfqmzq,0.014438465
Id_em8ulxb1db,0.0017870425
Id_kmjnc9ur5g,0.061535593
Id_yf3z3o0fhx,0.005916942
Id_r958h5noof,0.0034036394
Id_mz0bpppbvd,0.3533894
Id_c3i8tw7icv,0.9272995
Id_2gy0omss7n,0.21579616
Id_9d5hmod6rj,0.802182
Id_feowgdfk89,0.9917036
Id_05ujwz0gb8,0.16263054
Id_40ef8qeqph,0.103241384
Id_glrx63b5k0,0.036487136
Id_zokjqclx85,0.03170814
Id_edhmx1ewmt,0.07840841
Id_k6d1fjn3ce,0.10299953
Id_74ypr4x2lg,0.032380275
Id_tactlo06kp,0.51391554
Id_ud1ansdfjp,0.004391978
Id_7j0by4idt0,0.8796097
Id_e93jm3t1uk,0.6600466
Id_wwodvq73ya,0.05052692
Id_h99n6j9b8x,0.26052707
Id_bnhpk27n3b,0.1936169
Id_zjz3u87urs,0.26034874
Id_1s1n77nf61,0.0015326119
Id_qqkhha9qn1,0.18897213
Id_dkuhwjxz2t,0.23115216
Id_tmra90saen,0.16216305
Id_gmgab1tjkx,0.020873975
Id_ypo3yhdl2t,0.21906851
Id_xeb1emh49q,0.29644248
Id_1xhamm9r6s,0.53206974
Id_oc2d5wolqe,0.0033248935
Id_0klfdpj6s6,0.01135099
Id_gm26c8jgke,0.995619
Id_bjtscqn2ts,0.013125736
Id_noa2ioa9lh,0.031426515
Id_1ddi36nyd0,0.9977883
Id_159soef5m8,0.009416903
Id_y37m1wd7mj,0.19686738
Id_pgdt1aug9e,0.8181241
Id_3mopp0r8cd,0.28569147
Id_5vwe4gvznf,0.004013281
Id_iilce2yj2f,0.044594143
Id_7nvvd1lk1d,0.59262305
Id_40zau02q90,0.8307095
Id_us5fgsfh0i,0.0016829186
Id_p8blyf0sfe,0.24270059
Id_0ll80ruw2v,0.049722154
Id_djd0vhwc3k,0.1262776
Id_pngct0k2ug,0.50936794
Id_wmram8lobh,0.023394328
Id_rldh0ethui,0.13833378
Id_m7p2ae3q43,0.3921534
Id_vrxh4nfhco,0.9056971
Id_xmosmvk3qs,0.90716213
Id_u73psp5yh8,0.99454015
Id_fxafpxwjnu,0.024376042
Id_17yccaoc4i,0.97905225
Id_3wayyjiv93,0.76994723
Id_wg4tq581y8,0.3000508
Id_hdt5zx2u2z,0.27602282
Id_0txfwbwelo,0.11900428
Id_9kxb9z5ms3,0.6438103
Id_jqgdpp1tgc,0.53360724
Id_yy83gmm9fp,0.0071055493
Id_fyiapxv2f4,0.2720099
Id_24y5rtqdbh,0.9087781
Id_tr7ym74i6h,0.7685702
Id_8wenjbmetb,0.97712964
Id_edep6aanku,0.116201825
Id_n05n95wki6,0.71999276
Id_w8dbhhy3mv,0.14898069
Id_1hbnmriv67,0.07975175
Id_m12odqjipy,0.11007467
Id_pgowiu4ay7,0.046534717
Id_7zef3exinx,0.40868986
Id_4lbrt2dp1k,0.04055579
Id_cpdjtrqs5i,0.82005394
Id_wqe4jv5vju,0.16145809
Id_v8nbtier8s,0.30436724
Id_oefp0z401y,0.053401258
Id_e609wfy9gv,0.026874075
Id_18es0bor3x,0.99847907
Id_k1lxtif2yr,0.0063305413
Id_sgjb17ox0d,0.35088894
Id_60lvu1g5vr,0.42524412
Id_hszq494lsz,0.9943532
Id_juwqprlsl8,0.048822716
Id_kp4q5fjjqx,0.9990502
Id_0uuvwis2pz,0.08402156
Id_kvlrs1bppw,0.111385785
Id_jxda21dkyc,0.01889587
Id_3sa1d5bidh,0.34872502
Id_gxsrofsx7z,0.8147516
Id_1u8eimdw8h,0.26151466
Id_t5g49hter6,0.09814753
Id_qev411tc1r,0.14395389
Id_vzuu4za6ja,0.055366755
Id_vf3vexxwxh,0.22420436
Id_7t0ufkfaze,0.0868393
Id_vfb6k3w9f2,0.18559329
Id_k4lg5akn14,0.016842103
Id_kh5ajthu2j,0.0103878975
Id_tn457mb8lx,0.0018340985
Id_4sr4gdsvjc,0.005623891
Id_dg0ix5kesc,0.24323903
Id_7u9ksmtsat,0.99428433
Id_cc6m2mekge,0.040636033
Id_0hcqnjy4i0,0.00810108
Id_2r3xg5c0jz,0.1064697
Id_o8unto6cre,0.9761805
Id_lc474ixxv6,0.12962218
Id_71fsdk343s,0.0051325816
Id_6rgj9sqdhp,0.0026542407
Id_2qniod6t8w,0.63022995
Id_6i9k0mlwmb,0.53932434
Id_iz8l3colsx,0.9266132
Id_lgzugydgkd,0.001977121
Id_0y2oaob6bq,0.0913042
Id_y1cs8ecmau,0.24098259
Id_9wqxfv7g80,0.29236165
Id_x8929rb78h,0.026278045
Id_113sd16q6k,0.017158639
Id_wf98gwc7ci,0.17009594
Id_uwwhsxdi7x,0.32366836
Id_7x9ctsbnjt,0.0031208983
Id_v5335amhoq,0.84896344
Id_13ya7leq4p,0.5063602
Id_52zzybiaon,0.03534727
Id_evlvtffu0e,0.04260659
Id_1ukzpp3244,0.5599237
Id_9gtmdrhzqz,0.99740076
Id_8lsycyorqz,0.3231858
Id_oqhbvzjzr0,0.03729669
Id_tg2g5osn89,0.017227877
Id_ihwzkc38wk,0.056413863
Id_fbs5y30vqw,0.1928107
Id_t8eov1x0d7,0.6737476
Id_5amqr6v4n0,0.27065718
Id_efbha40a05,0.09267513
Id_t1sysj0wy3,0.019914027
Id_2o6e6hhl5q,0.12504409
Id_y2t37020xi,0.9129633
Id_1a1gb0ui08,0.18494606
Id_k7qkinfpa9,0.22335184
Id_rz90uy5431,0.0052389633
Id_abges53wx4,0.00551633
Id_ezvwuvxsle,0.32781324
Id_zws3xmvt8g,0.13375464
Id_ipc8z4thpq,0.0057244166
Id_5uf57n1y5u,0.011975753
Id_toxgbqarvk,0.13296795
Id_pwu53q9fid,0.13925351
Id_qxcteydvw4,0.04464607
Id_zlxyvpskhr,0.7659138
Id_yjwtrw4211,0.0126454905
Id_e5jhqca5i4,0.02452014
Id_dovofof2ez,0.28746274
Id_qyypzx9dxd,0.06323199
Id_zdn85bltt8,0.99754566
Id_xyrhqbrbtb,0.7370553
Id_pfhj0zkdxv,0.022126002
Id_qu8nj046vh,0.016710939
Id_qm01lkv6y9,0.0118069155
Id_oxs6ca9bfg,0.34270206
Id_y2ze63w79u,0.9908404
Id_u4plk2fwf7,0.005097755
Id_6z5b6j6qbu,0.39548874
Id_lqkf0cj1p1,0.9975712
Id_quwzwou3vz,0.012553901
Id_hhj18mp4sn,0.09879852
Id_f6k196prq4,0.38281164
Id_3dytekgbci,0.5993751
Id_29e1z7h6u4,0.30887142
Id_ni0yhnginh,0.4695423
Id_8k8f95ykxk,0.64593875
Id_coio2zican,0.09761513
Id_ekv4iykprw,0.6665453
Id_7w5dm3cyu3,0.3845363
Id_s9sleswdwm,0.46731958
Id_jnv3klawmz,0.017538883
Id_96q3d5zm6s,0.012185836
Id_5nnxzvswv1,0.67632717
Id_n67tb71k1r,0.005696614
Id_hmdfu83skm,0.41715083
Id_bc4oor1bto,0.7256162
Id_rdqh768b3r,0.014673558
Id_bbrypkl3ft,0.5455662
Id_3n82oy9p15,0.004364916
Id_qivthxzr2a,0.037688486
Id_7ws4jz5001,0.0076411506
Id_nz833h6upm,0.5294174
Id_ub7dbguckh,0.87520874
Id_cq54n2dcg3,0.7956362
Id_0hsgbh7fu1,0.023017472
Id_s5vcz76m8u,0.24541664
Id_wa1aktiovb,0.7946714
Id_m153wx60hj,0.42860407
Id_8452i7jerw,0.9965133
Id_vn2x299g4w,0.044981565
Id_ombws0yt8w,0.006378552
Id_m1n0e6d2q3,0.14526266
Id_fjshad0tfs,0.15906976
Id_4law5rnagk,0.15090111
Id_48gluzt7a3,0.009047723
Id_d9mj1w2zlm,0.025608506
Id_2c47srurj7,0.004837674
Id_1ehv4v8u5v,0.0028334092
Id_nxjwl91wxs,0.6970876
Id_dk7a4ym0qp,0.06588736
Id_g4ovfkuqix,0.0854035
Id_mo5vj0g0zx,0.5665756
Id_pga279dvzu,0.120545566
Id_k8fq0m29in,0.99731594
Id_qdvblg1aea,0.5698916
Id_514fm191b1,0.00590577
Id_hppomtkw3n,0.999099
Id_p9qc9r8oz1,0.7228813
Id_nxpbqjf2bd,0.033142023
Id_izog0o31bn,0.99680746
Id_912m7l9c8d,0.0026542204
Id_lg7retw9ww,0.026458872
Id_wswjtvcuft,0.15312308
Id_9aqxopq9uy,0.9650316
Id_dizqcuygh7,0.11306453
Id_24hmuyx4lu,0.06687782
Id_pbs1k81jdk,0.04240346
Id_5bszucvd4t,0.8015039
Id_ie7rpmi6ow,0.33428782
Id_ypj8evnzun,0.34142402
Id_iepx7buu9w,0.063496195
Id_69ria2mqih,0.58208346
Id_96lb0mej8g,0.34188315
Id_sndwx7ylvg,0.01147421
Id_v6ka5h5pme,0.25116724
Id_m6x3vmh0id,0.1610746
Id_krw9rsq72a,0.74958926
Id_bvrybvkauc,0.58768576
Id_ssq5kv9zxg,0.086781524
Id_7khb49l40f,0.91006255
Id_arpv2c4o34,0.58390653
Id_77660xv0hp,0.08506026
Id_v4d7lczkca,0.00559425
Id_2c1fdc98nb,0.07820936
Id_i5vwe6egsj,0.018849207
Id_lv9x6pdnlw,0.06335335
Id_ymv4d8xway,0.08074198
Id_mpgsyehi64,0.19866733
Id_cgzm433vp0,0.21781184
Id_85q7sy7s73,0.9834947
Id_2mnmuw2sk0,0.027780209
Id_akgm585p89,0.07312323
Id_if8yz77gp4,0.025753057
Id_p48e7s6bd4,0.004929043
Id_s1xlpe5h8l,0.24957456
Id_621ofyxye6,0.99760556
Id_al5rxgf8ge,0.25103948
Id_gf9wdi5ws4,0.013561671
Id_5w7aw9vz7s,0.17493722
Id_b4r6kgg0tw,0.16759238
Id_o0wz1g8ehx,0.16721702
Id_988cd18v6s,0.2649602
Id_uabgwoiryz,0.10060408
Id_ku8toy6hkh,0.2680795
Id_g97dj3t8v2,0.034815803
Id_ywwnlmlw4n,0.5350721
Id_s7jocf41o6,0.88403994
Id_ts4neughrb,0.015437505
Id_e45x9vsdem,0.11889304
Id_4q7jewk3fk,0.079592794
Id_j2tdecxtoy,0.9973175
Id_9z31ol7ujm,0.7763066
Id_46uuy0ia04,0.005990969
Id_daph21jgcr,0.5323888
Id_c6q3otyp6f,0.002487037
Id_8f8g47n7xa,0.80184215
Id_wfx5uhn1v9,0.008194256
Id_4rc5zyh5b0,0.015516171
Id_cqy9hcf26w,0.055439122
Id_991vaya9oz,0.011369982
Id_28vbxnfz4t,0.5482885
Id_cya49sy19a,0.03732427
Id_fcarifdm67,0.9902098
Id_itxuerh0tw,0.16860846
Id_xqn24xlkh2,0.99530065
Id_jro6zem5eo,0.18206663
Id_eo9tcsak28,0.10027615
Id_i71enax2kl,0.03082613
Id_ahm1gmegal,0.035914835
Id_kzz19zn94g,0.002714047
Id_ted137u8ep,0.42742348
Id_56pwnz0vy4,0.030789506
Id_2pqek4txfn,0.04091056
Id_tg6kznersq,0.39116344
Id_3ec107enjy,0.7841691
Id_mly4fkgefn,0.8803976
Id_d5yewin57w,0.44600698
Id_o5i79cm6dk,0.029918382
Id_xf4d4limyc,0.0037221648
Id_albyzxx4s9,0.03645426
Id_qlyhe7bbtx,0.77735054
Id_b78izf9qye,0.007169221
Id_9ez9kqm468,0.6026973
Id_havjl4t04o,0.0041684387
Id_lg0jdl6sst,0.16509165
Id_bokrjktrb7,0.31913915
Id_emzaopvzg6,0.380967
Id_3ompii7fpn,0.03700159
Id_fti4owc0kj,0.10902098
Id_jwuhcghqeq,0.36673498
Id_4i22lvikkx,0.9852406
Id_bp5tqt681z,0.019164339
Id_sjyfd1ue1a,0.12640339
Id_gqmp65ivhu,0.008948609
Id_4f57iaju3g,0.037090078
Id_pts6c1e9qp,0.114733055
Id_28yembc81t,0.078070186
Id_cxpjtf7jst,0.02848154
Id_w70w1lferx,0.18305647
Id_a1754pyw13,0.005690184
Id_8por8rjj4p,0.16438058
Id_n2elz6kur2,0.9819956
Id_r50xfb685c,0.13927098
Id_6af93sthv9,0.22536488
Id_32dumey0cf,0.5309185
Id_yc7vltimgr,0.2300825
Id_4so7kektqw,0.43154234
Id_tpi5tlzak1,0.6564694
Id_pwx1tw8cmr,0.04209665
Id_v8ihu4xlmg,0.0031581616
Id_d98euufkmz,0.7517052
Id_wvbmz5h0y4,0.77062035
Id_7hojo3tm6x,0.33645943
Id_mfkj143zj7,0.36680585
Id_wdfby5aleu,0.25165957
Id_082tmm337i,0.27926448
Id_v5rxpyka2o,0.91947514
Id_56096zutar,0.022946946
Id_e06p9hwo90,0.009525788
Id_7i7f1hihsa,0.079165295
Id_b6wu7mwwg2,0.9844637
Id_h2yuv8dx0b,0.7736381
Id_9exbi04ahn,0.9953644
Id_cli9pqpadf,0.051579077
Id_dm9pbvdt6s,0.6831148
Id_0dgvt5lwkt,0.10508614
Id_0y1rlb9gml,0.33921593
Id_ygs91lzs1g,0.58883905
Id_bhpmmdvwv8,0.20307875
Id_6rtpenbpwo,0.03634703
Id_ovc1uvevfr,0.18028915
Id_a5zyi2fa7u,0.2693454
Id_y8htg2u24u,0.028609026
Id_1c46c6iwch,0.008686811
Id_widy5om8gm,0.20036976
Id_pnrdz62fyr,0.1012798
Id_fyquookm88,0.995615
Id_crylmlfts8,0.00435618
Id_br4gx830z6,0.25759518
Id_m5833t25xh,0.056843
Id_lsjdpg6t8t,0.06702988
Id_4we5bf1am3,0.36245605
Id_v0c8sf03hr,0.85441446
Id_4q6hv17ay5,0.51979005
Id_kq286lbazx,0.12175568
Id_pvp0adve54,0.04540827
Id_p1eydacgzh,0.6575557
Id_oo3wb1e85o,0.95638305
Id_w69r6tvq9h,0.074540004
Id_tbzh0jlylk,0.9396496
Id_pbe3qcw8y9,0.01537629
Id_xqktzgfy6u,0.08934049
Id_3vrhj3xbrd,0.93152833
Id_klimz9l0mu,0.21294418
Id_ek9nter49s,0.8468442
Id_0fb3aq83x6,0.2270818
Id_d9us82mokz,0.15723075
Id_z0qbgzcfmr,0.07898362
Id_u1kcet2rdh,0.48315892
Id_kvyicvfgcf,0.31184617
Id_i7nvvbhrts,0.011036676
Id_q1ww54vkgt,0.7758851
Id_dwalixvqbi,0.2381923
Id_hzu1kl2y0v,0.75756514
Id_253hhat9ly,0.38372537
Id_gxb01c8rsw,0.21221295
Id_56w10cmkvf,0.031045003
Id_eqbidxw1n0,0.005036692
Id_5y54vl5ig1,0.03366372
Id_vls2yvc9s3,0.008085757
Id_lpu65atq1c,0.9759606
Id_n05cfjxl8y,0.49875408
Id_pdr4bb3ste,0.05008868
Id_io4athusho,0.01591479
Id_5g8e7drfum,0.050677244
Id_rur7k1t45e,0.02591629
Id_dvaa498nit,0.60705733
Id_ldfj07sgyl,0.16355419
Id_eivpjzohoz,0.7717577
Id_8gnthm24dj,0.17301744
Id_rpdyopec13,0.10005166
Id_n00yaaekij,0.97397906
Id_y25gm2cjyx,0.9958002
Id_5isfuhdqvs,0.0716884
Id_bl2dh6tjxa,0.9772276
Id_tasaabrqhh,0.24563742
Id_12vvfv3u1d,0.057634935
Id_hxum4ig62c,0.60096574
Id_aix78mhk10,0.8043707
Id_yzdr5i96vv,0.2238892
Id_773tk3fw8i,0.038238414
Id_ok0me3howk,0.4710143
Id_ua982ydwug,0.030377282
Id_pgbegf1f3w,0.93826175
Id_5v632aoiuj,0.6401429
Id_3mggq20q5n,0.1343545
Id_qydfymxddq,0.75261325
Id_7yetbmm8b9,0.17332342
Id_ikvtub301y,0.23025304
Id_a836a3iv7d,0.1427811
Id_vwc67cyqus,0.25427788
Id_kmjnwx4q8c,0.98966557
Id_08gwuwi46y,0.20965384
Id_gu6ndcj6av,0.6035053
Id_gwyrreff1l,0.0064711403
Id_4o2q94kai0,0.011022497
Id_ojhqai34c1,0.021028476
Id_up1mwe2044,0.009216783
Id_qq7vs8p18n,0.07944582
Id_zsaqnw7d0v,0.32676736
Id_u1s9wohj3g,0.08743239
Id_3l3yas6shm,0.026180595
Id_h9khg197p6,0.020520465
Id_njxg81t45z,0.02590547
Id_sy82hx1uxc,0.1991154
Id_uhgniic5m0,0.011038737
Id_unwg3v9qc6,0.58678794
Id_rhe2szyupu,0.0025546814
Id_qyjzcejzdd,0.0067107985
Id_bcgsrtrilx,0.6682641
Id_jyl9dyazzj,0.031621445
Id_lfnvs5qfs6,0.11085001
Id_s3yov319c8,0.90642256
Id_5wbok9n3l5,0.08430744
Id_uskq3sff9l,0.024847725
Id_spvz4obbqe,0.6032345
Id_nli80qhmqg,0.12494894
Id_sxatj1ojqn,0.9991235
Id_9ptfv38fxh,0.04005776
Id_0uhsp1slil,0.95653355
Id_kfzxv30evr,0.107184306
Id_m2t3i6tlzi,0.051883243
Id_j1jagawqdy,0.070643075
Id_q4bdkw5381,0.053558115
Id_zn4pawmnma,0.024266578
Id_05acjsunpq,0.08983565
Id_xkygecr337,0.04529445
Id_xyxkh063o0,0.023732245
Id_c0yf49nm78,0.0021537326
Id_qtor6gujoa,0.39893737
Id_j4o4svirmh,0.04953637
Id_xlqebp699d,0.009245269
Id_3gcdnzj5b1,0.08976051
Id_b2ohkp3p6j,0.71719086
Id_f84xz72m4k,0.2388578
Id_od9hvlhh77,0.96299565
Id_qvknbf86my,0.110224694
Id_enx4fslu9v,0.7345887
Id_8m1ji2xuyk,0.047700837
Id_l5cyidvlab,0.9315702
Id_jjuzk7vch1,0.05648495
Id_3rsvtpmh2z,0.51465243
Id_ezpeuh4h34,0.023244118
Id_8xkalpnn9b,0.11983044
Id_njws0dmmap,0.20709966
Id_ablg0vuf2i,0.023793885
Id_njonnfdy2x,0.99785465
Id_5mqaulnqis,0.7351399
Id_membxa89xj,0.15074006
Id_07nyi9izop,0.8498022
Id_ca71pr1it1,0.41250494
Id_5nubb1ma43,0.9544189
Id_p01zyr5l2a,0.48646244
Id_9w9h4l97ka,0.0020123331
Id_tje5pa2wxy,0.8541938
Id_69neclh2z3,0.13100883
Id_5k8ojhksgg,0.080350876
Id_xm3rq3y0uh,0.785258
Id_6neyyqjb2r,0.031083573
Id_wywnr19n4p,0.081019215
Id_u2qttjnzsm,0.74953985
Id_ovypzmzu4y,0.54693365
Id_1bvwmnkj19,0.21609235
Id_7my1jg1kl2,0.057911452
Id_c64h2qnyjl,0.94004786
Id_v7db6tn2bt,0.019547893
Id_schtxsjrf1,0.7295263
Id_ql8jwa0v5a,0.058256753
Id_em2o9pt636,0.07772475
Id_iuur8ruo7v,0.099003285
Id_4upc5tonc8,0.075727664
Id_3h9dhjkh1d,0.8565069
Id_n8i134j8o2,0.3774944
Id_6it5jb1zqa,0.0024319075
Id_xr9jxeuilo,0.9918743
Id_v2c60bt345,0.5225245
Id_2zhkja5hbs,0.6235926
Id_zo1sgevzvm,0.17358264
Id_f8bz5b0w0y,0.077141576
Id_w64u7diu2o,0.97635365
Id_mcvnp513t7,0.445947
Id_rw3i914r26,0.24589786
Id_4ivg6d2xh4,0.067143954
Id_unmbbb3lul,0.6347616
Id_7583xlaqic,0.08967919
Id_efpkwuw2hg,0.6623975
Id_ikcs5rx2ng,0.97690123
Id_p4cktyw3zc,0.12710747
Id_u8010p6ujf,0.26056695
Id_767vv3wcml,0.021804027
Id_nlr3z4mmcj,0.16156448
Id_g9u6ak2ker,0.019838125
Id_yaejn6rk3r,0.098104104
Id_e3skrhusoj,0.905473
Id_njxuq36qd8,0.12630332
Id_2r5wk4daf8,0.06564891
Id_tjadapg1rz,0.008923335
Id_j0jr8t9mit,0.09617503
Id_jzk9ghyuus,0.7852372
Id_vh0l0p8c4d,0.0024523607
Id_h5foewd458,0.21071272
Id_pxlslqgio0,0.06356566
Id_hzdz4e1ncr,0.3019023
Id_5um3shrltc,0.05181772
Id_veae94vs7m,0.10691952
Id_pl3apb39si,0.24329674
Id_8zn48jhafx,0.96972287
Id_04ouurkg68,0.11128503
Id_ds66hpnerf,0.12140242
Id_r6rlf1037b,0.0017652905
Id_lw71mvsd41,0.4178964
Id_imnv65aq6f,0.4443323
Id_zqhgkgqfkd,0.09571009
Id_ob3o7ll463,0.40042987
Id_2owbmn4nbm,0.045918234
Id_mbmznddedt,0.03909209
Id_gs6felb9x4,0.31679472
Id_65y7x1uz1g,0.0005999203
Id_8acrgihb5u,0.10944614
Id_w0rlglb7l4,0.3429955
Id_qmnct8dkea,0.016253602
Id_eprsrsv98a,0.043183915
Id_g4ii28f6by,0.99731654
Id_jkhvuohoxx,0.24159607
Id_umlcarumop,0.8988753
Id_9i3ftn1oxi,0.9902395
Id_fr3ddyiehe,0.3145797
Id_lzpfbdsw2f,0.059809774
Id_h019zyw7zy,0.1956504
Id_o43v3bz46n,0.10770981
Id_6lcihhaicc,0.012794102
Id_mxcjtorn2w,0.72046113
Id_iogk84m72d,0.04387385
Id_exoifxvj0s,0.1875829
Id_ixio0xbvta,0.1016601
Id_3vjt2lnwp3,0.010100046
Id_q8na9byk0c,0.44606712
