Person_id,Probability_Unemployed
Id_r90136smvl,0.9806574597816605
Id_wawdqhmu6s,0.4774673191829646
Id_ap2czff2bu,0.11344648219881648
Id_uhgink7iha,0.09923930019029183
Id_5j6bzk3k81,0.3048683561567936
Id_r1njgsuhs9,0.251111898300445
Id_d9n59ghzjb,0.5000045272622801
Id_vzab7oazqr,0.43863683107391355
Id_nefqci92p8,0.05391314308115763
Id_qqrnnetvxv,0.15238478502754452
Id_7w2fd5w86s,0.014126706372045434
Id_pzpuicll9c,0.023326111731578666
Id_st3is8bql2,0.4024658126478106
Id_qs1zt43xvu,0.24188327982144053
Id_9cu0vdzh1m,0.2146232794232058
Id_poxmo2d4pe,0.6144709705209813
Id_lkbh7wwizt,0.3434599843398935
Id_o33z7do9gv,0.6171580221490616
Id_2g0jvhjt7m,0.5617685407001463
Id_a8coh9dw38,0.8401342209629833
Id_2qj0ah1psu,0.03373158190232434
Id_kpvmehnz28,0.010973237519815599
Id_mgltuwq5z6,0.9520449075045949
Id_d4og0tu3n8,0.9764349057579355
Id_yufvflupuk,0.6545852924982634
Id_u0whg32wag,0.49574781026320897
Id_xt0ryw5lj3,0.4847360766178379
Id_b16iwbgm7h,0.4991354632504306
Id_rw1mzpkmbh,0.5011190481087352
Id_dh12ciw7aj,0.08989020200342378
Id_ucc8nen4br,0.3168095812186788
Id_zabfn6r9hy,0.7324759768836554
Id_9316s6vbdf,0.11542008207072844
Id_qj48ua0e71,0.355887100839511
Id_iev9vrtvwh,0.2732072912656247
Id_gta8cmufua,0.4729764502329612
Id_zd7zmjgmlh,0.04597143770177997
Id_9xsxi3zkds,0.0062744008639494
Id_vor2e80rle,0.15728870564003553
Id_81faoo7jtd,0.027187580047046134
Id_t8cshwbsx1,0.28144101594830107
Id_ce7987x9yb,0.14412832990654548
Id_vwbab4cxdn,0.290682095534007
Id_wlhdmq0y8v,0.20270073434781408
Id_ijbnb5l2r7,0.16731534571315143
Id_291krf6edr,0.12299609718533246
Id_li6hmy2e8y,0.4407412891335107
Id_ugqu9wfir4,0.027404534539602732
Id_5mvhlc4oto,0.2889953791260789
Id_omktaezr3k,0.18099633738287246
Id_mp2omgupeg,0.9512719165522144
Id_guxs9a9rp8,0.03916493807781166
Id_owwgvlhtm2,0.2734501300652113
Id_2phe5bonhr,0.07406219857963926
Id_wxujl0skjo,0.1070702001451709
Id_ezcagqsdoh,0.09908796251258756
Id_3ojndwyspm,0.5795547160388212
Id_di8dup17uk,0.07792999024884496
Id_2s9fwx18nt,0.40476008469723923
Id_gw0p5veuf2,0.4039192747743643
Id_ul54vz814d,0.042393421686891
Id_fk01mum0zb,0.8629024127960184
Id_i5ho67pyep,0.19133348433227834
Id_04whybbwpy,0.5165301295081244
Id_0qijiqqjfw,0.980529149086056
Id_ib78u6d1u5,0.24910440599058167
Id_wil30h6uqo,0.1888511533100076
Id_gco4s6s0y0,0.06420252743924519
Id_i2zt2wyw67,0.15247412908515182
Id_u6qzopxfoo,0.0481569376662676
Id_9qhc9jmlw5,0.031632833701125
Id_3hqg13lpub,0.10641031847106143
Id_xg69jmr988,0.195199313882946
Id_uf4nopfet5,0.10542130054818254
Id_nvu0rx02yq,0.14026708170076907
Id_wpetow3d86,0.12792002822474416
Id_0b6micntbf,0.5247112166438255
Id_t2hpqyerdd,0.2051531294049116
Id_9w39fssh0z,0.08115829742473653
Id_izf7avuyof,0.0235099974849249
Id_horgi1i0h5,0.9786729932496656
Id_c1ck3oamtf,0.3041690534907607
Id_b97f46dlm4,0.04716912624772333
Id_e7jnyu9nio,0.0380147042825369
Id_6jis2dwfpf,0.1998361355444875
Id_cwfw3jz8mn,0.023736996769202934
Id_ckz41r5xnd,0.05809023632798697
Id_0lddi6fymp,0.4867368363693663
Id_qb6cvsj6d1,0.08654388890797156
Id_mevy3q7025,0.18658897730764465
Id_4f18c92qin,0.1856723356831267
Id_70u1j9yxhw,0.49147733078059613
Id_gmoiyj02t8,0.1668579263858727
Id_eui0etibtj,0.1630714674208546
Id_ml0shy5ndd,0.028371913461193932
Id_ec2sjwcz91,0.08646143018568804
Id_rjahjm0hug,0.068437292665133
Id_abyqg3tash,0.04860260550188313
Id_lzos5ypdrm,0.5644876524507221
Id_kdvnff0zsh,0.9521266661001846
Id_86b4m22rpu,0.11598513322837674
Id_x2hp46jgt7,0.03579477537525153
Id_zpp3md8ezd,0.3097440352141477
Id_e3b7m1pivk,0.0567453573260599
Id_ylj1j29c2t,0.17049853425314146
Id_4mqpa30io0,0.8138328811466323
Id_gb6gbddvde,0.07345070485586153
Id_33q9kspnhl,0.0259039529171511
Id_spcfhi9ani,0.9592315930615555
Id_3xhfl2dkwc,0.09408937607878749
Id_capl79l0ck,0.15802108924863234
Id_hize5ozuc7,0.4990783847959182
Id_9e595qehvb,0.06115058161740283
Id_mv3bdtgvrm,0.5814228509022294
Id_sh6y5sognb,0.17194068221585032
Id_otoztzpre0,0.045256510684443196
Id_7lrax702sw,0.1400614434556322
Id_2yyc8cscz1,0.11909186529301206
Id_hko3gz0dk7,0.8753217515238695
Id_wk20cknod9,0.11449266931585379
Id_v021qhmpjd,0.08973751147903793
Id_hqsrc0tikc,0.17807566423403645
Id_c4emke5y04,0.7959221398497269
Id_t3352uxc4i,0.12295120138442245
Id_5z20x5e83v,0.5724669366422126
Id_qdcud0yly8,0.42292793356171626
Id_ww8zw7ae8a,0.04992945991055673
Id_1y41yyh09p,0.4801635588464836
Id_6gmks7pmqr,0.11976555597455363
Id_hm2hws8vmx,0.4634551436041463
Id_ffwi6hx95x,0.10587163859204103
Id_wp4xaj2x44,0.13273393758987517
Id_q9w6fjzuva,0.7434155193556259
Id_4hi7as50nt,0.07707079501291265
Id_e9mdtbubkh,0.13003703485500448
Id_if24ufm5uj,0.0706950690303773
Id_68ii10j2y5,0.10336752013717587
Id_cba8vbwfcd,0.5679331895208878
Id_5va26rv1po,0.07682201747906466
Id_h2u5uz2c1i,0.1902553261232336
Id_oi4y3y2j24,0.7437573367850767
Id_if7xxvy5sy,0.40452538198336074
Id_ul1tzww8yo,0.7575951013510673
Id_g1zdjwg70b,0.44455919594119003
Id_ymo26re9kq,0.027021086987312603
Id_7i4g0dgq3g,0.27420155848723027
Id_dtd4wertk3,0.1202859650821071
Id_eduju9teke,0.28404584591254795
Id_qua5ppnddr,0.03393529017801747
Id_pgaf0nxrml,0.25316409060265443
Id_mfkzmksvk8,0.6633669788681025
Id_xae7uo6rns,0.030886115976049667
Id_bg0pf0x0c9,0.25111081365320714
Id_gqy88jh41f,0.46427771220817854
Id_dulraax74m,0.19823579899194269
Id_br9w5vf3nt,0.1674324993084565
Id_hm4k3ett7c,0.5064005870137115
Id_3wbyw2qsxx,0.27768084778813723
Id_nhc76gnpfv,0.0633126839270554
Id_g37tyo68ez,0.09856938488819904
Id_doy6wdfgwc,0.9373522922006906
Id_x9qspakya3,0.27193071147547426
Id_y5ylohb28f,0.0196169564032288
Id_3s41c0mnx9,0.20356979795498242
Id_k0kz9yhugx,0.06487563434381603
Id_akzn45zxlg,0.16333249729065888
Id_bok3v4meui,0.5026299280309999
Id_ewblr4rd31,0.3696432194265313
Id_1f4emlzfpy,0.03763311431942647
Id_zac62lf0f4,0.4252975081994768
Id_ees03xjmrh,0.14715578595508613
Id_j8hi427a46,0.1268438271426979
Id_nozkcs7twh,0.06903507754919233
Id_93odriaiv1,0.6340664921165257
Id_y62g1mck08,0.048325008704374
Id_6afxcktqw3,0.026470099990125534
Id_08vy6pqpmv,0.9020897325836459
Id_tc3tuj0fq5,0.15558497640345237
Id_p3i0pqdgzx,0.03884941122659897
Id_f1juue66su,0.22738993702592283
Id_xf03jzli4e,0.8743831156377739
Id_xtkx7l92kq,0.3432408814455763
Id_ates45a2p2,0.10148479400484411
Id_i69rsluhrn,0.015239370496672467
Id_obbeglowd7,0.03962135707290786
Id_76sff0ftwb,0.04960730245970437
Id_k1wvzkeibg,0.12790583580854922
Id_cvppcu9dtk,0.2684667262855632
Id_p21trnlm74,0.4418388821109019
Id_x3003erpfp,0.05833803728443416
Id_efdwgqd7ql,0.09950133621209852
Id_lhsftcq0qj,0.13763059061272823
Id_9w6y4d0f27,0.20363078041676297
Id_jje2dldxrq,0.5069005785808418
Id_8g7mpx73iu,0.3789216377796916
Id_ystdo3wigm,0.5557298881388614
Id_ywwcb8ps97,0.029045331076261366
Id_8ez4xscjos,0.9771182438743446
Id_2jf4w4j44j,0.4637555595665778
Id_vxay7eegbi,0.07478021779215506
Id_px50ejj10r,0.0504542391281769
Id_tfgb0tyrty,0.07092853249478914
Id_mthugifxui,0.03229052271264033
Id_com4svhopi,0.1827374212028471
Id_mm2lhjym5t,0.7014592188053258
Id_g3g104pqzd,0.23526156199783177
Id_1jffeuc1dj,0.0905927182021055
Id_rhc2kl5g55,0.1797961206381533
Id_am02p2tzuy,0.31968195669304994
Id_regox32zxq,0.17935748750121708
Id_6kf048eavy,0.1970519272490718
Id_omknpzp2ak,0.009710962640138467
Id_cenkqwdm7l,0.006076544301550933
Id_ewipl8qtuw,0.9071126081777982
Id_8577gbn0e7,0.9856896183032117
Id_7om3250j9e,0.7709224205441464
Id_xeuoeg20r1,0.7350250776388604
Id_yvcri3cmts,0.9612388710196855
Id_v7b4ypc0ij,0.10408489104738927
Id_dwuchnvp2o,0.6518491268919092
Id_m01a2wvxpr,0.3702802107953527
Id_zm6vqjc3s4,0.3497270177097987
Id_lts8qj5gtt,0.7145552492960747
Id_d57wdfouya,0.3338160344352148
Id_lp9rw55nuq,0.5762713688336359
Id_kz201ybqy4,0.29342415480504896
Id_bdapa7dbnr,0.017658745298941767
Id_cku4oys9ly,0.5939726356380164
Id_9imcpw90ws,0.0138444762710455
Id_lg5hmsjw0w,0.02907931325084127
Id_n2zxyp8ozp,0.17371779817924607
Id_2dw9p45brs,0.0188548090305894
Id_fullxeblop,0.6423023474003181
Id_hn6w1c50jg,0.20131896927592807
Id_202mo7k18v,0.196196633503703
Id_35iylanft2,0.11344799113076054
Id_22rckhfu74,0.12346193437207949
Id_05enka6e6k,0.6501833979599793
Id_pa42qrnqsu,0.07166881510637753
Id_2wyft9kpo6,0.8021962530720034
Id_i7wm3hgav7,0.10535460866038043
Id_g3g4yng0cp,0.9718583660431571
Id_xkycggq6zr,0.11537087258497598
Id_hry70yghdi,0.9385806624997507
Id_7fe7yhjh8a,0.6457091845524131
Id_q8vp7a6kvh,0.5316066396327247
Id_hn7eljea0c,0.02517747570809947
Id_cu46z0wtbn,0.06679963557408276
Id_kf49u2owj9,0.32339709330652455
Id_cwuqv2hemn,0.34905315196730896
Id_uuoplcjhik,0.17304347481359175
Id_xwef9758c0,0.9161805398331319
Id_bbdpuc13mt,0.3460676605313983
Id_qm5zbv3dqs,0.43077462261680405
Id_xc458zxp8n,0.23860380987541677
Id_5dlzzvzu7z,0.8894595498526092
Id_vvh9x2jhmz,0.6848593741722412
Id_a3lsvoib9e,0.25194842186427385
Id_eqm83ic4m9,0.13745400127424276
Id_xy20frex7o,0.6821945155514116
Id_0d0fcqrqiz,0.013638201508838765
Id_i6wj4m9x2n,0.1978274041701842
Id_puhqi47sl7,0.14711336496014202
Id_fzd6uelqdt,0.12052303775507962
Id_dapxuyl0kv,0.28106019515656677
Id_3688t4ltez,0.22695340849059056
Id_6ydbe8k1k0,0.6650985883799218
Id_nrqsdlmxxh,0.9829993768963853
Id_mxn6qtsna1,0.0722048186319294
Id_ml1zx0y5gl,0.02590282065802227
Id_fhkjr8dykn,0.5756629089858638
Id_n5sq52hdoj,0.0148395771974049
Id_0uxhybtjl5,0.9518858153886193
Id_kzh96q88bd,0.06715119938212744
Id_yaqxnrvpyo,0.7436276871896036
Id_15qd9nbtr6,0.26439334743226056
Id_x3vu0lmdqz,0.09377284319330122
Id_s1sfh8q0sm,0.7189104138689489
Id_j39rsaxv9x,0.12926038830629086
Id_ev1om3wblh,0.4093435722263313
Id_b5wmhiambg,0.1669671473250286
Id_8dsaqx95t7,0.5541604291171821
Id_ck3rnbfyjh,0.22594287852135309
Id_3dzfgus94r,0.028268540277716567
Id_hj5xxk235f,0.011867284944217233
Id_hi2aqujzip,0.009848354164247
Id_v3uyrexc6m,0.36561465297964446
Id_huysuslo7o,0.11652597352177833
Id_9esczul5fq,0.10559777683838843
Id_brx4sdpwsz,0.22966647402394688
Id_wnc5dh98ow,0.599688081425759
Id_bkrytf6qpo,0.9607670488669036
Id_zuxemjeq2j,0.25958266617871867
Id_zh1vstq7xy,0.20091246870435406
Id_njjyxihirh,0.028142081223077903
Id_22hadf3npm,0.4649970793206248
Id_621yyrkbc7,0.496677387516617
Id_3yod0o903z,0.10176982373751768
Id_f6thdicfx1,0.16935263767198708
Id_cfxbc8mxa6,0.974785717037253
Id_t393kw7t4u,0.03104864009802717
Id_oikc88k6ov,0.035672294477496
Id_mk1iyktjj3,0.6198319970317873
Id_ukmg1fe4sl,0.1032005342781106
Id_fiuzxwgwzi,0.33819693126778727
Id_e9t73zgn0x,0.36067064195859483
Id_igjbc2jy5h,0.6392610102475347
Id_fiav3fj5n5,0.02212505701791127
Id_f61doydnaq,0.039699681038299135
Id_cvoeaetwe4,0.19318963912749068
Id_9ldafk3nlj,0.3773528909931227
Id_exyiv8agqe,0.03480715952307567
Id_b5ywcspu1f,0.5780973527323883
Id_0g3knr7fvs,0.0563619724473847
Id_15al9kmkcd,0.3699444693758427
Id_7ab67qxfiv,0.21130352390689325
Id_z3qdnmn9q3,0.22887434040161825
Id_305ozjzlmz,0.05214046497817723
Id_709j8qrxat,0.0339399486103553
Id_haeujusld6,0.9683557860783853
Id_96borhxbpv,0.07379152288607617
Id_ro2jwdd5uy,0.29494040335326804
Id_1tcfd92lk2,0.6431461686291079
Id_pbox0fm3u1,0.11780765377638118
Id_ihiolzdxna,0.020698127872894233
Id_579iqpzqyj,0.40059598650538436
Id_2r1y11q0wg,0.17410176939797953
Id_7ak4adbl14,0.9757292635048723
Id_g0u6gnx5nw,0.23436744079192104
Id_pn7b3mle90,0.9697047865739146
Id_da6ucbymhn,0.1731621206734022
Id_71takmxtrb,0.1343748225811302
Id_nkydwcxn12,0.31340209276899383
Id_iyfanduv8b,0.2710792626981051
Id_24c1l1s9zx,0.18351861057929122
Id_437ct6woog,0.27838891314025943
Id_v27wecgq4s,0.6282253585355673
Id_9axn3nt95a,0.8242219454450059
Id_qrq5r4b5dm,0.0689439892489153
Id_x5tnpkztq1,0.0115582502146412
Id_nztfqrdo22,0.20179879046817126
Id_7552lew1q1,0.08623567279753767
Id_jrqihfiq2h,0.17013698060658086
Id_b50jkim5jh,0.2316395420799753
Id_thgq2lugpt,0.8814657418389157
Id_p97gank3cu,0.15422603340392305
Id_8xszxps51i,0.03588350157845383
Id_tkjcu68b01,0.5533230079712367
Id_8w8v64w1f8,0.8717005494919245
Id_9j6oz47vrp,0.9733602012705145
Id_v54hrl88y4,0.9586002963806105
Id_guwgy0cwxr,0.045528012272962236
Id_uhcxp80o0x,0.5194297125105556
Id_97cyn3fkhz,0.14173004058026428
Id_flag8ua59u,0.026812669912486764
Id_lzokvnie26,0.11181728032809324
Id_n4smd098fw,0.226819586443999
Id_7vzcodqv1j,0.18103075932285928
Id_dy3havgfuv,0.19646642449253923
Id_2fidc6cwxn,0.4685706969650006
Id_dy472n1q3i,0.573845342678048
Id_2zt6m5f4bk,0.9492082380516105
Id_abbnvg2xjt,0.2998726216861687
Id_719gfq4bbi,0.6290536885497614
Id_yfqugxq06s,0.3924786501018696
Id_vu6u2fxprn,0.975787791207518
Id_njn0ugszro,0.32758179443369645
Id_kppmeqk94s,0.14390958713930696
Id_4sdwxg4xnm,0.07587466547986023
Id_jt7uxijhw0,0.43134174667109404
Id_4x8raqjq7i,0.33752219255564175
Id_oyv68u1dkm,0.6968384671247558
Id_dbjse28978,0.263223446239968
Id_ch330vmids,0.014850743280709866
Id_vao287hv1f,0.08350367318041586
Id_nxhzqujll0,0.2212041311467353
Id_h890qicmt0,0.054252815272582376
Id_y4dq6mmmjf,0.06351267205960487
Id_7wr8uj9wpr,0.06838524653450169
Id_g01k9ahzh3,0.18362525614090072
Id_8lo88bta3q,0.9889367503469195
Id_6obelhudu6,0.5460051524730001
Id_kftu3l7kkd,0.1410466284826304
Id_m8ypin55mz,0.2761229247161204
Id_u1ud8oazwu,0.17970408677753005
Id_1bmknryhxc,0.12178257189354698
Id_s3u21bcs1c,0.1745863360714386
Id_163j6do8dt,0.7225038852009633
Id_oekesrl5t0,0.20471066640508065
Id_u7jkl2wpl0,0.46354432580538507
Id_11yb4rk8vf,0.20007939571632058
Id_7y3m47la6q,0.3613900539481394
Id_7jp21wo3de,0.4556058037061577
Id_miynvej6a2,0.4799198076642724
Id_hfx1xp53p3,0.1652699542002363
Id_72uxatoazr,0.16363665260515647
Id_elioph6w1f,0.848751836637332
Id_1ke76rdjje,0.8464627754512065
Id_t46minskam,0.052002998175061765
Id_z2c8otk2yi,0.7478996687324481
Id_q2uovpqmk6,0.09535100330467616
Id_3kka933aho,0.0270942938213949
Id_r4addjw4vt,0.0565215499981138
Id_83ogv0svuf,0.0372500527176696
Id_sbls3y3jvy,0.9112596815352668
Id_moi9rocisn,0.9700914870630116
Id_499rp0shg1,0.9541814706402686
Id_ts5usvwfm7,0.14017003253577262
Id_y781z197gs,0.11710525253401778
Id_ew2x9yz4vb,0.020641708094308334
Id_1ieb8g8r81,0.30666256375399237
Id_vquuzwxkik,0.32621189200429684
Id_ta4y7cah3j,0.5017521509547556
Id_wxdmdg9jrq,0.1095392526661217
Id_6ka99fa5no,0.3541109385480503
Id_q12cz2jc14,0.6491898765621721
Id_4w1htscb4b,0.6786867894634848
Id_rggoin2c2h,0.016244305967578768
Id_zsiel1ur1j,0.7285033949551888
Id_3l8s6ervkx,0.6797081586624188
Id_yazfl678oi,0.19538649620556256
Id_m5wcqlbcog,0.022277628386075766
Id_pndgc7t373,0.04857754712593074
Id_1inopgvldd,0.970151570416426
Id_1wfithj70z,0.9833421786398846
Id_v2xpbbokwo,0.9388145001688531
Id_12d1frupv6,0.7107086482650026
Id_pc3devko6x,0.1422882673641209
Id_yvfnf3q60v,0.5106015762977026
Id_homohwddj7,0.18131160079055997
Id_p5nvctj90i,0.9678807616105911
Id_x0ngpknxvm,0.3421117866042073
Id_zzhr5kss7u,0.37289384390700686
Id_eizv1bpafl,0.022360370060608165
Id_tketya3hfr,0.5725355711724739
Id_liytd8x7gm,0.18644681022550155
Id_lc3hqzvi1x,0.10132783086390856
Id_igm4l77gpu,0.0735686092073967
Id_jsbg9ole3f,0.7019640301781948
Id_t5l5zo1kfq,0.04631361920887737
Id_goh7o5pwyv,0.0224393619782403
Id_l2s6fptvq8,0.5883854137875815
Id_yzhvn8vj9e,0.917375755858297
Id_z47s7oahoq,0.33523720377809746
Id_30kc8ah8wl,0.12436157181858565
Id_lavsin2msb,0.18121097920013376
Id_wbbwoageaa,0.17502623679233323
Id_2ccffioleh,0.6972887035055987
Id_v61ik1uco2,0.0908375802802092
Id_rm03xq0505,0.10553117375974946
Id_x8gdvql2fg,0.12726505707273808
Id_iwjxxb9h34,0.1875801118446201
Id_c6pqbm2wyv,0.029860026910671966
Id_4vnrr3s4uy,0.22063515500487785
Id_ownel7ybnk,0.9226117439058327
Id_vj9dcqpu9e,0.6770615799835263
Id_iuzhycb1vq,0.9321029314120607
Id_spcat8solh,0.7537529657094243
Id_yvvmhb6w1e,0.1277780463855778
Id_6vvoczahnx,0.08653900421973611
Id_3dbjfbfs00,0.08585133497434934
Id_49pusliygy,0.6513908448937733
Id_nftpsfd9pk,0.039958423203565366
Id_m2s3otb4jj,0.0220455615343252
Id_aj8rsxem3u,0.7197469880696429
Id_ofbcp8wusw,0.12044112389943756
Id_jjnj2byia3,0.09991607349886511
Id_3kqkvikuvl,0.29380884683679914
Id_tsu6b1cq8p,0.21672683351104727
Id_v0nvzynpqm,0.944530790029695
Id_j1opc4pyxd,0.9615407160179524
Id_i60entnyr2,0.10553113710418933
Id_77rsnxhav0,0.5010574939297543
Id_vsglsglgqw,0.2939367879258739
Id_uu9ehvzpq1,0.04597225273268046
Id_vk54crp1l4,0.15489747852927993
Id_vurpswv3mx,0.0111049939195695
Id_jfclrhuqma,0.16174179807649536
Id_mmb0y6hjco,0.20303607960906508
Id_pgajp6ywv5,0.009203145242203732
Id_62uu70ow4r,0.020383032387371065
Id_ep1sr4nzew,0.031153520762510805
Id_joim66605n,0.11077351855359581
Id_nodq5cuy4m,0.26161510931327014
Id_jhrgnstlo8,0.25194842186427385
Id_pj2uohkt3l,0.020049675496362735
Id_ooa89het6b,0.03540769200882513
Id_a4b308etct,0.35872741756293774
Id_qg1hnk0jh9,0.05641859342154687
Id_lpmhv9d5d1,0.14195191892093303
Id_422tq7oddx,0.4537221217070262
Id_kd9p7yir6y,0.23374953884174046
Id_qfgs61fpzw,0.9572252567058227
Id_m1tmygaylx,0.07638535623016339
Id_f8iw4otgov,0.6131271560624384
Id_npm5q5nceu,0.3253892666778297
Id_w6lxqmo0gu,0.6090985494328788
Id_x5iqeru1x8,0.027327086670267533
Id_czubwoj7ev,0.6930658796795592
Id_p0u1ilaznb,0.6919876269125519
Id_hxf43uzsle,0.16856833389729386
Id_j3l7bpah5s,0.1018698992374074
Id_cj5zwtd6zu,0.3361705268553102
Id_m5tg7zu2oj,0.21067627801618327
Id_eybo8quh4q,0.9120603127438552
Id_6f76h9b2wa,0.9817231884766445
Id_f5jgdqn5c2,0.3016222433766052
Id_d5fz41i924,0.6696298801090603
Id_eccqcvvblc,0.0634814771463436
Id_8psqr36y02,0.5630567930617681
Id_tk9gdtvbjk,0.24684714476494327
Id_ryqyq8cjow,0.9163252242559438
Id_v9pywdes69,0.40761296407728587
Id_hyr36290f9,0.3904039013280829
Id_1xbftlpdhl,0.0419094112979555
Id_zxy18w1i78,0.0515701547194716
Id_pq9nq2lh61,0.0336302754595623
Id_2pxo6vqrhh,0.35718249703720906
Id_xoidbttxgu,0.9716500285284083
Id_39y1s17yu8,0.4695238490789446
Id_j4z5gcn38a,0.07885477061807478
Id_dgt0f8g6v9,0.1555984239809075
Id_x0l8xb11wn,0.6436036474110581
Id_ehy93j2yll,0.5638015929749648
Id_g9uo4tisls,0.051252574099549864
Id_w1is0lprul,0.3365778872346486
Id_7lj1tjq1qk,0.09141455471299553
Id_dfrgdn3df8,0.6589980130320918
Id_m3wfylfmze,0.2783065909762355
Id_ajoqcrxqll,0.13960274413787235
Id_fudnd5pxp4,0.0179937099970402
Id_ukeq77l5j3,0.6009248054461421
Id_d1d9bx35xv,0.041997277636812734
Id_yk55thl7ss,0.016323884412647167
Id_5skyiudw00,0.9606129895025329
Id_5g56ygxijd,0.2395961973278153
Id_vaf4522t6l,0.06062549030115336
Id_d4hwtrcf9y,0.9696615433749421
Id_r4wl346vyh,0.0721930629331314
Id_m7kpxmimht,0.16072588868476592
Id_0k0elxbf2q,0.8269827692976849
Id_sdvnioe4di,0.056508751340613596
Id_vrzsyxyppr,0.15457169826126912
Id_vgi4nzdmw6,0.041499466257931335
Id_tisuzjbvem,0.19143243804583346
Id_itotco83ch,0.15295823499950406
Id_ac2rnqxi02,0.06337162365997656
Id_3ph56e28f7,0.08456506403027843
Id_pmgaqihqu2,0.09075154618706167
Id_vyxgfiuwgx,0.2979473256548281
Id_gfr71u4frc,0.6659083201650072
Id_bpa5n8e8du,0.6731856231961156
Id_sxrcaq8e7j,0.070863606779325
Id_p6hyhxyjgu,0.13242438228084175
Id_28l8ftnv6n,0.0588768033159728
Id_7l1xhhhuxo,0.7147944690185514
Id_85ymdirg05,0.0831208838616501
Id_3y6fo5wdfn,0.1318804318818261
Id_2huhneam6k,0.22237445033798342
Id_oqw1u49nlv,0.17609316312919074
Id_oigbk11pvo,0.12345564316087389
Id_7yjooi5p7k,0.3677873321493352
Id_v0pui7hslo,0.4684878580135619
Id_2rca0nunlo,0.1770886238083904
Id_ddt54xuc20,0.139313477646504
Id_18a40506ko,0.47991990106850463
Id_t5ujpo0isy,0.07616231032553253
Id_yakqrme1je,0.4138948759281498
Id_3q4y21ciis,0.11811517717659385
Id_9dczebw4q8,0.06940845081256823
Id_wwrkqix53m,0.28961608729985483
Id_6xwhl6stg5,0.14365054780692263
Id_ze86clhl8i,0.5150791133081143
Id_eidkgfmnms,0.2997573920303804
Id_ybmmyl9b2v,0.6645212044126875
Id_3ltlzi20th,0.16504761366714552
Id_gf1rbol0lr,0.07428088270315807
Id_912tii1shu,0.9017566288675978
Id_swgy10t1q3,0.07519551233522354
Id_weipxgsg6e,0.4029205184932368
Id_iyn6n465o5,0.06754299823336293
Id_68thyri47a,0.073975851703016
Id_f6nxtd2zs9,0.6530796762442198
Id_fb2jnkslsl,0.06809702380098777
Id_xqvxr3k342,0.14410101635337322
Id_esjmypg3bn,0.20781611466485003
Id_3yg0tc6v9w,0.5587848994988823
Id_du9euwc63f,0.595935383195492
Id_faga8imfg5,0.0159312850797703
Id_6wvvy2qvsy,0.14247899873076816
Id_y9tcgpjgkw,0.19435075873340013
Id_0zja78viwr,0.1218887690346377
Id_35me5s5yvf,0.07685702346786209
Id_ix175ensij,0.09604276115073122
Id_n2zxmu7ra1,0.9035656031621135
Id_m8suo0zmki,0.03847622826678813
Id_wy2oxw7n6r,0.02724076715402503
Id_kuj2kag90c,0.23789361856823335
Id_td396iyygk,0.08874900860417594
Id_ucb53zt9tj,0.05934226974982363
Id_4hdsmg90hl,0.10916325789595306
Id_t69ym4q6dm,0.051746558974231194
Id_njapvhm019,0.06621770333841207
Id_snuijc58w2,0.0380882350754522
Id_txcj5rqwbq,0.019018214459690267
Id_p1fjjzl2x8,0.9771048420412707
Id_0dn7l3h91p,0.22791507631423583
Id_hzvstpxonl,0.07244129368088763
Id_rqokia7fqo,0.2506780268507309
Id_0ebo4xyc83,0.9665296803173561
Id_dua60u5h9k,0.9675470288916799
Id_q14lcr5y5l,0.32949449578231693
Id_1o0nts3955,0.09129157851885816
Id_54jht37a9a,0.40480901195100993
Id_pj4qgzfxma,0.020616784464792
Id_x0lwfw7omd,0.09226492655094766
Id_aregt409q5,0.18033995681542203
Id_yqc16lvj7q,0.06674986443222257
Id_bya9lkmylx,0.0231738653649355
Id_l6jdqtgddq,0.2590745246711635
Id_ddt6pfv1hm,0.03437341251169213
Id_w4i6jq2b9o,0.05831938618775067
Id_9qfh2hulaw,0.35032255134325463
Id_ik4z1c052r,0.06448588355889066
Id_6p2rblsbkj,0.059823987750238866
Id_fs45ca34dz,0.30949825484583243
Id_z240vn4lrr,0.16514370310690585
Id_orl6nt19yk,0.1858177569357963
Id_yt6b754k6l,0.6237214442254952
Id_ja431y5ldo,0.2557415124652363
Id_nfqptndvg7,0.05254339035840814
Id_wohsfy1vk0,0.14216176841185363
Id_0wan1z7ylr,0.10532563186702742
Id_ji7rhas44s,0.48405095647622476
Id_3mkmnsmjsx,0.03176874258085097
Id_23xbq86rmi,0.09688763030374943
Id_tfw9caz6hw,0.25356367459503387
Id_7wuxjjf6jz,0.035627919195562935
Id_9nllh07a45,0.09624875005659377
Id_o379zlajhg,0.053461111854821726
Id_51bp7sl39b,0.15794508645619812
Id_6sjnt9ewkf,0.9773403125122505
Id_90g4n8so17,0.32951952851744304
Id_32zf56l9ce,0.5959194249977348
Id_lpzyo9wovz,0.9353658358580318
Id_zsurfh92rx,0.2119063154713445
Id_z1f2ofu2m7,0.11278756197614903
Id_wggs2pd689,0.7761088677841005
Id_12pix46sq5,0.1372747059803472
Id_d6dzxett5v,0.44350978485291154
Id_uibpdvcxxw,0.015091895664875335
Id_xcaf3403r3,0.33216162638415614
Id_0qkp6qkbo9,0.5077086539548261
Id_so426trxo8,0.10783829891491191
Id_u611py2ky6,0.03576476934349853
Id_tk8ffyupvu,0.34489355169276875
Id_n1d582upwu,0.1657052013681787
Id_0h4wjg60gi,0.05739939432006974
Id_80yx5alq3y,0.3030451313465253
Id_czvt7bf7ki,0.17594351532983935
Id_kwctpclm9t,0.2672831311958266
Id_48zj3eol10,0.06102973788228603
Id_l779nt9yjb,0.8208441150364548
Id_3ugtpl2q57,0.0632498992819523
Id_eg3epayu42,0.4218300510050715
Id_ifrw8syp5g,0.35020438162625284
Id_kujzry3zci,0.056421917646902464
Id_6imbemuog9,0.2743202423187894
Id_o0a66e9rg5,0.8528956630541464
Id_c7kurdpczj,0.9748079508847667
Id_n7tjndhbru,0.57308700457212
Id_2269pxi40v,0.46625738869576083
Id_btgny8lytz,0.22817707315392186
Id_kf192e9qp8,0.21814989480336647
Id_ul2v3z8uh0,0.054237660265117095
Id_wt3eblrwki,0.5413686606600807
Id_h21k8bi3rd,0.43770401805705444
Id_mbkyac0b38,0.5084466419759587
Id_skaa0uor5e,0.33331068613439435
Id_4253yprz3t,0.07329776506197601
Id_yh6zgz0ozn,0.6862444301106688
Id_huqwsqixpf,0.9737204600647656
Id_blaa7rao4e,0.2240829398871151
Id_pgi4wiieae,0.18105646955607443
Id_ltketfcwx8,0.1284407434598221
Id_hdqud85267,0.4225498729290518
Id_mbkuq5r0tj,0.06947590707638536
Id_kts979c6d3,0.3647336959204152
Id_w4evnjwo1b,0.17602283565809404
Id_65lz8d775l,0.07346376338081843
Id_oekrongesz,0.0761423594205168
Id_7q1qgcg1z2,0.42322443056365494
Id_9itt0mvut2,0.2840777885315175
Id_aw2m1l9pl3,0.019847785137156803
Id_tp130oylun,0.06164035666840301
Id_vu0go4qig8,0.15464028335804655
Id_3p2we0xrhp,0.9759665100103744
Id_a87t2vzq79,0.011010283217274599
Id_usy9mr0vda,0.6911843559697993
Id_0i3gib3ccr,0.0210219381822902
Id_obcqaeuu2h,0.31743271137575535
Id_oylsv0e008,0.04256284543983071
Id_otsrdmmvex,0.8095681284677565
Id_hct3htn53j,0.22268439830656628
Id_bww7r8u7fz,0.5827127173199318
Id_stg8se4gth,0.05775993020716023
Id_2hj9e5d4df,0.07179827809253836
Id_5953c2fph5,0.9695576524468881
Id_vhj0rr0pf3,0.93222062081196
Id_5ujqt60emb,0.3318008883223382
Id_vqqf2oglsl,0.09702067542582193
Id_74m6uo00zo,0.0347433953935788
Id_q8bp71i0cx,0.09437630916603434
Id_qtob5v3gg5,0.0780752875829379
Id_u34a6v0xe4,0.17451641479372193
Id_dyxhkjt62k,0.11606023127380916
Id_gq2yp028hm,0.536387544431332
Id_vkovnl2bor,0.2291820429870395
Id_716j65p14t,0.7885130627864548
Id_znwp5oxeuj,0.0966166672480917
Id_wzingkkiyy,0.21937898949302795
Id_lg0oidihkb,0.9308141849470354
Id_wyftha2yzm,0.07343201054526444
Id_qelisjmvu7,0.059903371662311834
Id_mxz5t2f6s2,0.18523076628074467
Id_qvahu4fhl2,0.017798713114500198
Id_7pvavmi8nj,0.0381149846281919
Id_h44mik7o77,0.06864273505007244
Id_weqxxjsxlp,0.4929862898754451
Id_xwrdohgwwb,0.6480916188849907
Id_ue7i5njaj5,0.11736826974928095
Id_j5cytxk3fd,0.009318052100757533
Id_hc1dkq1ull,0.5494951736299852
Id_p58fra4ibh,0.332199742493365
Id_rn6k0x8gmm,0.26687335793381667
Id_gz00pekb5w,0.9138198758340786
Id_hif7jaoik7,0.18849255682721722
Id_j0wtahm9rq,0.18794495881657103
Id_qgfy4fz54l,0.021297313499440033
Id_hcr6kog2wz,0.38356060664710734
Id_pfrxx17160,0.44087584858461737
Id_b9sapq7j2q,0.016018903521096767
Id_cixet4eqi7,0.05685505695111013
Id_b90o4ez0z4,0.03543669524049327
Id_0dvymsm4j7,0.10714697902654502
Id_lx7nws3o9q,0.6291050961375806
Id_tdzspuyh38,0.5845255132689127
Id_bsw59bkm6d,0.26211183902612006
Id_2sba7x3j8l,0.6717276543843469
Id_6rgcbx1ckw,0.2240847539103619
Id_t5z0yd2mzp,0.021256262233576063
Id_5ibig32cv0,0.6089666206553214
Id_0ep1wdjasa,0.052825653221562074
Id_e52lzlle5k,0.061276561302573335
Id_emkugrtqlc,0.11858849890810393
Id_h4ited8c70,0.04395195752041267
Id_6eew450lnh,0.30252015702683255
Id_689obromvr,0.17882554230987582
Id_vp5x8v01p2,0.25851656336413426
Id_f48v2b18z7,0.06206905587631887
Id_96s31b2x09,0.23283702113790686
Id_mq2wtuondl,0.9806174069289996
Id_bcx5rz5dw7,0.10707524236196668
Id_hzly0pe4t3,0.15841110394864646
Id_3as9l7qps0,0.6896639428265404
Id_5w39l1m4db,0.5133260952067363
Id_b4v78yjpr8,0.20976618410012213
Id_hndnxrot6d,0.12460453005084471
Id_1umqo2101t,0.012246367807043801
Id_fbmisaw589,0.3701329238324434
Id_fepr7c7ald,0.04555114459827967
Id_1nponls3y6,0.0262873097285659
Id_e3pelntdie,0.732283807468678
Id_opb265ilvi,0.23695100062430716
Id_r92o07c9vt,0.10324641280217246
Id_vs9y91wm85,0.10687327619102001
Id_mdqg1y14jp,0.5028529832782084
Id_o8q09fzis3,0.0701882505063275
Id_fbiq5gpnkm,0.4161114141311652
Id_jjk5kuiv3u,0.37878344541081194
Id_eyuxuig212,0.2230321216893333
Id_oqyrtj9gkf,0.1894370908591565
Id_htp5g3tofn,0.03964053348582527
Id_2zmysqu0kp,0.1031303014776739
Id_6ztxctvwpr,0.365178398580595
Id_tqhd7uflt3,0.18194167485314117
Id_2nr45wi83i,0.21758326283652177
Id_cxj020r8m7,0.0812684754467618
Id_5ykc8d8s7s,0.18641166551686297
Id_a3vl6imzwh,0.4956839283335961
Id_q3xmaej69o,0.43588546273841794
Id_yq29s7kv0a,0.3776421753374644
Id_bxwsuykart,0.59308136840258
Id_btl3itfcb2,0.45486852570597497
Id_e2fcrgr3hm,0.3308705232636591
Id_ca4gj08n5x,0.44786743900069254
Id_r3yeca1ygp,0.2942831265462407
Id_5rjtlvgmn7,0.27634690679043056
Id_q0pnvprodq,0.21454715339965
Id_5xtx6p8hre,0.5186624507313804
Id_wdfrg0sc7k,0.17417061968537717
Id_96t2an4t26,0.5374715026749662
Id_dy312u2pkk,0.06798882610225447
Id_rcvk8o4o2s,0.06435877665784441
Id_n91k3moodo,0.5427972702150787
Id_fta3hilj4i,0.09510478367416697
Id_hr7vquzbji,0.9337363207187884
Id_l7wla4sc3u,0.27955014877782247
Id_asksbt1luk,0.23851228648070447
Id_4aek7b2vq6,0.2874668781267759
Id_1x5n4k7pea,0.0769022646474959
Id_v51z5uizsu,0.9687209309774527
Id_4xb2dnoybh,0.13035000832600088
Id_k8jcw9fcrw,0.0717092532878823
Id_lgoaurirll,0.254016591120974
Id_hsv0h16xsi,0.76605958572578
Id_cpydcw4urr,0.24903502171650035
Id_ljkph8r3gs,0.7720015689361258
Id_ayaoxoti47,0.0715659279936054
Id_2oqsl3jr3l,0.11418031630992391
Id_07f4hjtzqb,0.06313748798433504
Id_bol12ewzw8,0.12915901642585673
Id_spv45ccoqv,0.8787081000900466
Id_w5kh5n1zd5,0.33539502780211894
Id_rbl7rezejs,0.21183877930287634
Id_7vmwomlwz5,0.31841712508457265
Id_u82er4wh2o,0.9635152094252196
Id_qxyqve9g6f,0.013388287394365999
Id_mb86v21jrh,0.0372876206366208
Id_366gae5k7r,0.5286675894106954
Id_a9r9qojhjz,0.14289726670794514
Id_k16m7ylb86,0.11564183320360089
Id_qv1297uhjq,0.1502618364109306
Id_rpc1pm6a5i,0.7265388062413649
Id_oa88m3grg4,0.9455563595541975
Id_itmfnm8fuw,0.3965993218487887
Id_gapcw5dfi4,0.9512181663912022
Id_pj1dso1zua,0.38601633909059685
Id_pbmgd8yd5r,0.6826517296393942
Id_74f1vxct9g,0.18380890356033283
Id_k3fowpwonc,0.7278814980433671
Id_hq5bbokzcf,0.0347554507974418
Id_8n3v5qipqc,0.3242733730003971
Id_fyp4bo5245,0.0093038037538202
Id_0qtcbyfc6p,0.1398417015049288
Id_ldgvqs5ypq,0.2783046126403406
Id_36r4htuehx,0.504203336398122
Id_nb6gr6ufir,0.31042143790953436
Id_omr4m00nsx,0.2086409917789823
Id_1u7aeplg8x,0.013234875044916
Id_1o4gd8k0cf,0.5933887194574664
Id_g68ny83i04,0.5239366239976425
Id_evchj9rwgu,0.07219594617515902
Id_nvy147nfjn,0.032334747180366635
Id_x1ccogjvtc,0.3329214536434188
Id_rhbnevsoz3,0.0290416350383489
Id_3fe5krspxj,0.07211816513225083
Id_bg9a83gth1,0.338279384593839
Id_yxutgx92b5,0.20743409797630064
Id_ygwkbx0h9k,0.2160978973736387
Id_obhulah9ha,0.9440319628469328
Id_okf2ci4fo1,0.034247828778901666
Id_zdlsnt4h02,0.9537942596638525
Id_kvhzlz8g7s,0.0841530193142593
Id_8uqliv7ul5,0.36270878285662156
Id_6gw2bexi49,0.17246978857635178
Id_ob6y37lgvv,0.6467425563573154
Id_9gsyx5qges,0.9661595067661067
Id_h6snjadlli,0.05187252546834293
Id_w74rvn41a6,0.06807464036498723
Id_1t6ccd6ncr,0.6892514291530567
Id_jt1c6nd68s,0.28478479336573764
Id_gs59aafdd0,0.3166641286597275
Id_md4a9zhqt7,0.03391168662148683
Id_ymdnn2ircf,0.364646006732779
Id_z6w0itjfst,0.29180864868838047
Id_81lgpeebjb,0.0635853549160799
Id_os70bn976o,0.026720386156351767
Id_z2j70cgp9i,0.2146554739294961
Id_owfiulno6l,0.22274976382737513
Id_muq49pklu6,0.06810424952951487
Id_thzjt8s2zt,0.5900791847054568
Id_fkh5agb6ka,0.04246541770692334
Id_nmc9gn4h7q,0.2254281064558841
Id_bsjgmxtrq3,0.6176975719767342
Id_xlvrifhos1,0.6633493773596456
Id_oylf8z8lql,0.9473228961383464
Id_iudasw2mjh,0.07238923707000867
Id_fnb751rdy9,0.050406034199239995
Id_4zt9bbgx7g,0.10207573720906743
Id_qxv0ur9qtg,0.05744024701312134
Id_4dfr3ctpct,0.18807470553245054
Id_t5ecvsj3rb,0.040399452570743295
Id_ui0m1ik16e,0.550560646571573
Id_jvjvnagb6x,0.5513634301687059
Id_yzjwovxe24,0.07150301986559573
Id_ag7so049kj,0.028252518888169903
Id_6nhyxovsr1,0.4216773313810644
Id_hwmqdnfvzv,0.13430206374603043
Id_oigd98di7f,0.2890667571421363
Id_i26qivwxar,0.5122116287983352
Id_ccvuq6mpa7,0.09662849599133881
Id_9arq273apz,0.4470237665348397
Id_mk6p1hvz7b,0.13817385469579194
Id_8w7k1hud05,0.0331318636159378
Id_ffw3756mbt,0.3761644341881791
Id_c0hy4744wu,0.41543553124833554
Id_ebmqkqkdzd,0.16640996842116842
Id_ldqxasu339,0.49888322596306356
Id_2iz7bo9965,0.04377025813837187
Id_0ifg401y1o,0.40115338038951226
Id_7lprznb4yc,0.38621229503079674
Id_mqw8hwmcdc,0.0707095590943914
Id_1g0kjqzmui,0.4413081335905297
Id_xcmc3idtyu,0.04245584303781407
Id_je71cguamw,0.1397908764173886
Id_2npfmhrtap,0.11651908173300572
Id_xyoaatchue,0.8704690671869972
Id_tn7jeqct3s,0.04650397839727086
Id_js2ayy2hzo,0.18505988819139954
Id_efvg8a0772,0.07469243414764616
Id_8194qgfmez,0.9840515319105706
Id_jhl3hwdzu0,0.0534356432455238
Id_t836h4bde6,0.19971242742236942
Id_kz0krs19pb,0.9556162009111285
Id_j3zdpnicp8,0.14928699830798373
Id_a3ofu1bw68,0.039844885884215565
Id_4aq31fhaoh,0.0756418439955457
Id_tjsyb825w4,0.824694144231657
Id_xp44u5vp14,0.7898300810614888
Id_1hnvj1ghyi,0.20889858379112816
Id_zv05tanaco,0.16175844462006672
Id_hhjctb3xtz,0.1783890178567391
Id_afq5i0nhn8,0.38498739557852796
Id_bvmu40uep2,0.10164781116566453
Id_fkzi4qiyxc,0.12477357915418036
Id_lbie4s82l5,0.06958247558949957
Id_mrro9nbc03,0.1669065837835809
Id_nmk5kyq7wl,0.38976783552866084
Id_i9tmva0z2l,0.10710861965881929
Id_orpv55ykf8,0.4907523924283761
Id_hn9ospgxvy,0.050212124690445226
Id_x141bd2yqa,0.38632173370741674
Id_3gywujyoz6,0.5777526087544322
Id_rhha0orwv4,0.08240300494417313
Id_1y4f16a0wj,0.6307389536290731
Id_91ya3bxlq7,0.9180812610431248
Id_ujte9yy8jh,0.15607496661565978
Id_klbm2fy33e,0.8496350820760857
Id_kw09alnhcm,0.11377191988275548
Id_w69cqpzjre,0.0230659126805171
Id_rn62pa64jj,0.07527317485475961
Id_tv3lwksb9u,0.9738753303600545
Id_jdd7advr1f,0.7221882369842274
Id_q12nit655n,0.5203429785014055
Id_ucisamngtc,0.14749799660826238
Id_1505rly94t,0.8037551369273409
Id_p2ticfi5a3,0.6184651160378882
Id_971cpcmgeb,0.434116529426617
Id_74t7i54h9m,0.6846250869889668
Id_qm923l3qe6,0.55374754325692
Id_16m4z0fgq8,0.18091172732881586
Id_6yarhlagfn,0.29050616048738553
Id_8h4p8dbgyi,0.1638544027248138
Id_uk94lpv29x,0.028577240281215166
Id_vz7999biz2,0.0609310458193772
Id_yvn5zf90x4,0.11711534406049802
Id_xicvyk1uas,0.02801550545339837
Id_4qbp4ysj8x,0.15296337417251363
Id_2r1cltyfeo,0.952356229159497
Id_k01w1mdnt7,0.04674670176752307
Id_auesh05ei0,0.9638350766123666
Id_wl1isf64b7,0.0278874314375152
Id_4lqrgdf91s,0.0738731384269841
Id_3wjzcvmc9y,0.011930164202539935
Id_tmt2gy3g3a,0.1665034370429294
Id_d9srrchlik,0.033193243445665
Id_dw48nc88fe,0.7759478426175276
Id_4ibtm42nul,0.1613439345509944
Id_gjezrnk3bf,0.0823425450285562
Id_wk1h55trk7,0.02661563871489513
Id_kte05ykcd1,0.057012729958773344
Id_c99mz7evmy,0.396173267993174
Id_nb6csy9eki,0.4373898785487071
Id_0rvjxas6jf,0.35447252414452973
Id_5jxjqfj26a,0.08149168039631803
Id_crtloo1w35,0.021844368622136633
Id_cbd0h8ifsy,0.07489268258754343
Id_p0l9dmk4dp,0.016358213881056963
Id_84ygo6lec6,0.28757714143540597
Id_wos2e4tv1a,0.05657400650292283
Id_rl83cw9w8a,0.05720340257642007
Id_i56lzsll94,0.07195399632007614
Id_cmtt8abun9,0.44021531138866493
Id_0x08vgtub1,0.49688691359278253
Id_fvkv8zme4x,0.9618710771610489
Id_7i4yte00nj,0.06363341586497784
Id_t47p0i4x6c,0.28603640130761
Id_mcol5zvtze,0.5175145451370786
Id_173j22jmkk,0.6844680002460751
Id_5kkth75etx,0.4699726002808473
Id_kjpsm587ss,0.021931416123950664
Id_vpfhmrlem6,0.9651862187348552
Id_tw1osu2x94,0.6718881191509928
Id_6ch9th6hq0,0.030281173593407734
Id_sq0verlasw,0.1284476436342065
Id_g5m0xg322a,0.9037820685824757
Id_zz2875e1fm,0.81982271031323
Id_vnnfiy2aht,0.038668529641897036
Id_qfyeqy9vzm,0.3022049278091898
Id_rr918lj12j,0.5744132726317683
Id_ia7z68dty0,0.5911995216012734
Id_jxppk4jjg7,0.4265840918212345
Id_jhfstt7ll5,0.05617807763912567
Id_atlb431zq7,0.09418805651655343
Id_thcor98e6o,0.03672449620486617
Id_5xqki5wqtc,0.6825944335146223
Id_akn4wszxzd,0.2741225092121821
Id_9crrww2qdk,0.07617690101092373
Id_67ts0qbgi0,0.4738821770456963
Id_e7eoxhj2i6,0.19808109389857853
Id_hs81rfrq1n,0.5817117686282155
Id_usdpbgwq6n,0.14211671368050993
Id_gegsapzh2h,0.41047305891158237
Id_3gzmgvulyu,0.03399454009896533
Id_rl9z8psy0t,0.365774851798208
Id_dnefobcffn,0.012656662771635135
Id_hnu2xw0s6s,0.11323161986613062
Id_suue0uw4qn,0.1813594102637527
Id_s0mj2lyn1l,0.4726286517494944
Id_7y6wy18cee,0.13001765530861745
Id_ferjyn7mge,0.18566507477366825
Id_8bkla4u9iz,0.4324845827105787
Id_k5flsgpru1,0.14997399025446204
Id_7gk6z27f32,0.9671882729446054
Id_gy18i9cipz,0.42615311938919004
Id_l4ubh2qra3,0.25446702689259904
Id_7esl23e409,0.019147807049070834
Id_4hzte42dvs,0.09942107929007366
Id_f9psbflsco,0.2123094587796017
Id_m9qfkbw0ef,0.6081310845021738
Id_kagb3nqrcb,0.06730327002089058
Id_ftcvpsvgmj,0.706385886848361
Id_phyhn7i4k6,0.518977199942681
Id_7kpq9lmwgr,0.0772195116780305
Id_azp7vpcr7n,0.18451770646771695
Id_zjrrpm641f,0.030064950874325935
Id_8e958tixe3,0.1645788098652571
Id_5t1o3tgbns,0.21018647191089315
Id_7zhdpmcgsd,0.3695468372509074
Id_z8iivnnv2f,0.7281677397230255
Id_kmvu7fejg8,0.16237190393867337
Id_jhfec7xx1s,0.010321810289491898
Id_ph61x0hhof,0.12615949693046283
Id_e3qm8616gy,0.2653663285961383
Id_odo2r6knbb,0.390252389385799
Id_lzyejcgbdu,0.5643008464355059
Id_g6rfqo2mnp,0.3519772305654771
Id_htpbw46ydm,0.09116660996223593
Id_li0knhgn0r,0.44625988340669
Id_qowsnzi1lj,0.3564086933975264
Id_b30jj6icvm,0.10563213439986485
Id_ukmckmm4kr,0.9725670686219111
Id_97g0isyvcz,0.1993199461294355
Id_1lphdsb8y5,0.1301262957848948
Id_mpevcgfuar,0.2644195716115804
Id_fao04nx9xj,0.49473067262205245
Id_0iecgau296,0.07537731674060323
Id_mm005ihcs8,0.6508682688985138
Id_k4yuju0s6s,0.7436908579560293
Id_jz5cxaf93y,0.15869840425146528
Id_952h3wofcz,0.19715122083144818
Id_o3pslgabgk,0.901856098077546
Id_fhx96ano24,0.13411098239531202
Id_fqv29c3md9,0.9352709870889878
Id_hl4deit34s,0.5287492122094651
Id_3vos08esnm,0.33847718475236815
Id_seeo63de2y,0.14055561943266798
Id_3ydv83vfu3,0.4552093690426096
Id_2fz4gbwy5l,0.6302623998621301
Id_km7dfoq0g5,0.15247346993600067
Id_q1atvtl4jy,0.37227042190757215
Id_1i7psxexrd,0.31237609599970634
Id_sqll106065,0.9766853226502324
Id_ao409p515s,0.742155919485619
Id_lal1esrii0,0.13975398639002315
Id_z6fpelof4l,0.2829573202299817
Id_vy1mvoy6z1,0.7484439207323091
Id_zwvgj2uqhz,0.4530101526818777
Id_cx37qxjrsm,0.3375155925862922
Id_rd7x3vhqmv,0.03479979364365493
Id_yj0vh31gmp,0.9697237862298022
Id_dqueowe5rv,0.07822231096584976
Id_gheaiij07i,0.1081712134683182
Id_oa191uje2s,0.04569224026400657
Id_nt9zkerroj,0.3531645714254063
Id_vwyg1sr1wa,0.4272314568264524
Id_rrs9akle6n,0.40724710320361884
Id_kwmgy1n3dx,0.015405531448365933
Id_tqfexx8hux,0.5592309704656374
Id_f7zw77oajf,0.21949116675725075
Id_gjjno416nz,0.7201113438624556
Id_6vl40u6tk0,0.538479638687728
Id_9lgtklpidl,0.359437303954032
Id_yqa4xagoqh,0.17071346900255577
Id_21fm0m8tm8,0.013157670203627167
Id_5yy37inwlc,0.21992306366530498
Id_lb58qqcju8,0.6207572162977146
Id_pay54az9ss,0.20196464880487883
Id_jhj1akzu66,0.2340854341165536
Id_bx0m1tgaf1,0.40667073373917106
Id_zzzn1zaccn,0.11854274497461155
Id_rqakftwyb9,0.7226814096142252
Id_boer1o4t6d,0.17782085292634867
Id_drjo0dcpcs,0.06522703699527586
Id_8ouuwcm8zp,0.21907126739114383
Id_gxs509ol08,0.290215046850953
Id_r9uelehcgq,0.6780019112635892
Id_ppyp9qadwb,0.7662899289748518
Id_8x7483isei,0.9644974609824293
Id_zjtwro0vyl,0.10416073743821742
Id_u5x6i7suvf,0.8419375847115659
Id_bfmk76ms5p,0.6862444301106688
Id_9vfe5bmm7x,0.08739205946041519
Id_lon1xszwy3,0.2061811324877435
Id_zb1sytdll0,0.28367493588275433
Id_4jeizzpbbr,0.9495286957459248
Id_2qbx10ud6n,0.04933021992466687
Id_utihwoq4jt,0.8265307765313882
Id_2vn93u58um,0.9641317300904372
Id_89mvj40rlh,0.39173295060031127
Id_eoe3h61d9i,0.3729365856417348
Id_nycfnrisry,0.9326900335009459
Id_mwtaa2j1rb,0.0195230874028551
Id_msh8zmog3h,0.1729266487264759
Id_69uuducrk8,0.07227647830942646
Id_g22lwaq8t8,0.13909333390692294
Id_8rcl6i27v7,0.5568655297143427
Id_vueyosaagn,0.2669915422607723
Id_ud8ecs9t7n,0.24185203257082086
Id_id5i266op8,0.20204291652533643
Id_xc80te5fs9,0.20034933753963266
Id_uxrv7ws4iz,0.2864590700963117
Id_jbta68qcny,0.05241926743872773
Id_vnsydst1f9,0.2832579229774598
Id_yhb1qjfkin,0.21082645098215802
Id_jvw66fieox,0.6139731129602565
Id_beinopg1qp,0.08713423257608881
Id_wghq2z68yo,0.7017176451011751
Id_jh55u9qsx2,0.7632479267388339
Id_gqwoxqo6st,0.36277263229287904
Id_k7xvimf5se,0.14218615566081977
Id_rhbccj437c,0.03307397308708596
Id_vjnmppkukn,0.5057586064603133
Id_1cqbgnogzw,0.5286675894106954
Id_k8jld4qayo,0.09542558719465698
Id_kx97eub03k,0.5384973064969226
Id_lp3dasj3n6,0.07961156926221323
Id_9hee3aicif,0.5407956893194302
Id_mxii929bm7,0.030032208221967505
Id_t5xdyei4s9,0.09645692927128464
Id_6osx4dn6mr,0.129891268945154
Id_1pzwroputd,0.5042462565804803
Id_tjpzsg7lvr,0.6725090213971948
Id_juag6sezip,0.2144837439370797
Id_be1zngpqlc,0.3937982549895185
Id_yo69fmf0ar,0.0250398162195523
Id_6al6qoszlh,0.1443126339580668
Id_7h44o827gp,0.23744549610718327
Id_l9skxjyq7u,0.05292596449196026
Id_7z1nf0gz85,0.5876309317359311
Id_y3fb6gl6h8,0.31736470473106176
Id_ujbtsc5xsy,0.20596630303673738
Id_cix5bvil77,0.0485224687804234
Id_c42x5mfp0k,0.20007939571632058
Id_z8z1ips4mg,0.9640288624765617
Id_3cofhphc87,0.23214248295946774
Id_6vgvsfj56c,0.32704520894759637
Id_hkvtkwup5x,0.0569949811085124
Id_me97ism4jf,0.18850637332234524
Id_rayrfk924x,0.1531382725859671
Id_jzkxue4hka,0.014817792485862133
Id_t74oh7os9g,0.20590043149655943
Id_ms624ngn7u,0.08093031377166522
Id_j8z4mr2hqx,0.6002900061616084
Id_th9a99gxb2,0.0635288870808492
Id_mnwb6mrsdg,0.0552450387486571
Id_75mdb21w4c,0.04674758416480124
Id_fylyfunrq2,0.345989656905282
Id_3j5etrhsdp,0.532387502600417
Id_aehfozq1ot,0.6143085993529196
Id_qwwa02gxym,0.11116707423777084
Id_ghjud20e44,0.975684245613868
Id_o1dtpjsdst,0.16905507477591142
Id_ha93u2lawk,0.4030248559081646
Id_bxto2ux7bo,0.31246870638147034
Id_hpo10e9mjt,0.5028407789783339
Id_kj4hz0mxtk,0.13869635796238808
Id_bk7dyajexv,0.661031581028754
Id_ubw2nlrcfx,0.43846194777728714
Id_fcwydgz379,0.9704705249332415
Id_kfpdh564un,0.6133584392505679
Id_ii2abc8ip3,0.6565491957722166
Id_x7e8l77kl9,0.1673149700538797
Id_47pzc9m73a,0.646355257376215
Id_2fhrtzrovv,0.2440298377063328
Id_2mo9rlbwbf,0.05299344792030356
Id_87r24bh207,0.9271163895619162
Id_ajykjh38hg,0.26333614556190993
Id_q5l6x34nx5,0.051379485327242826
Id_6ss03rco6n,0.15895748897565498
Id_qzw3lad2xg,0.16404590762638563
Id_oqfadfeopk,0.7140703888179551
Id_y2h2ue57gk,0.013842606299670365
Id_rz2mejh56l,0.5545613809483568
Id_b1qnoxjxwf,0.03365528560614623
Id_z9k1duzd0e,0.056260097531922126
Id_6xg5hx3ueu,0.005561193036013867
Id_zfh6u1agi7,0.17356482459033148
Id_05howvlusw,0.011046387737991934
Id_0giut9vf6h,0.21196960112134486
Id_25s096bwf1,0.04846491851428897
Id_0g7x556l47,0.52478724531382
Id_g7gydlfwiw,0.018966523570340604
Id_fx8jznto6v,0.5079890412638003
Id_r7eu8k84pq,0.472143832128705
Id_7w1lc6wvrg,0.07708771147761993
Id_ufeq89vad9,0.1301262957848948
Id_uefz4h1v3w,0.7742947094612501
Id_qaetv3im76,0.17106065727403397
Id_o4uce02b1z,0.6970295945886331
Id_3p1d2h0y3t,0.3775830229159687
Id_tfn6m35uwr,0.17813280461314154
Id_iv0fx0z9ni,0.042433352947833264
Id_ttggjnqvk6,0.21204041508397867
Id_rmu321wqjy,0.057508049937901505
Id_0b5sdz4cya,0.01577972348892843
Id_zapjqsjgt0,0.0241351817578437
Id_v7dwbs5ub8,0.0640841673140518
Id_qjpwwsflr5,0.025278118409835734
Id_bo1j7c32d0,0.09417959782721713
Id_nbsh40v92x,0.4767999676236894
Id_31ptkxnp7r,0.10475943212628623
Id_je2p3yzyju,0.07865099994017744
Id_q8abs9uhih,0.686261229012939
Id_ruv8qy6pvy,0.09785461499961627
Id_fvii1gbvrq,0.7045934779007267
Id_zbgsfomz43,0.03145264893098534
Id_7ty6gq1l0v,0.034182243408218835
Id_whentbnqww,0.9714815397194067
Id_tjko6hklyw,0.35800103224309004
Id_f4qlxs02rs,0.03727587994339817
Id_xjh69l18x7,0.045173304561589966
Id_chr3enrsl7,0.3231283604013229
Id_evneuv6pm2,0.5223677545285245
Id_pw5vz8lxet,0.6245449917310568
Id_34tq11d468,0.024810341356589466
Id_f50qbtt4da,0.9775502776416848
Id_os6zxzawnv,0.027111043672012364
Id_dwg90aciut,0.10571946059264363
Id_ryxc05zj6t,0.967018686729119
Id_xtdhu31fwm,0.4186033744734703
Id_zbpxeayckj,0.0906388588460383
Id_ku2s2xvvd1,0.016846135108366734
Id_x5fqy2wy7r,0.08828308138613539
Id_uunghw7hlb,0.22837168153886236
Id_6om05mg6jz,0.6453869337812058
Id_ysycv5lk55,0.012041364688619735
Id_lhi2qxp5xk,0.6989516924650313
Id_sli7td0qm6,0.09897310036712821
Id_i1p2nvoslv,0.009965991728066432
Id_o3l51k9yqy,0.6518463878709091
Id_7dcv43jozv,0.9736583614427036
Id_p6ol842wki,0.08403601606276763
Id_czhfygtsrx,0.14214494098767275
Id_8ybzekbhhm,0.3815832473174796
Id_dalfdcrmeg,0.27518996155934844
Id_tfhsaonntu,0.3659096473247139
Id_jr8kis2hg0,0.17203129662231986
Id_j18cj00pp0,0.9424401730400693
Id_25tdmub87q,0.18286992758244214
Id_k6544jw6ss,0.5010598594501576
Id_co58lo3ccz,0.10635221744038932
Id_n4no45t54h,0.060645631838075996
Id_2nqy55s8nn,0.018637669334197065
Id_nrpzrcqdtl,0.19054651434525138
Id_sgylhz7t52,0.5050382596254491
Id_ihwx6lins8,0.013798753475652
Id_jnb5bjooaw,0.06557391479617626
Id_eag0xau0ao,0.23384341962757735
Id_9o0mfcpxkb,0.049629665220487305
Id_308lzanlaw,0.6318159683052216
Id_9xb6scdbp0,0.24350193975163434
Id_67nq464lcx,0.02554627348087643
Id_n3mvxav6kf,0.05955676624772079
Id_zrz32f0xq6,0.7829955340390713
Id_ssm8r34t2j,0.26666260246374723
Id_t6ttzmxakn,0.019294759935641597
Id_5vvjjie8jx,0.20632268755795455
Id_whzd1d1nhj,0.14973552686112415
Id_ey0o977lr9,0.9528765718715567
Id_96xv01bz0c,0.09142697092434172
Id_yxczq8h8fi,0.1025928399537545
Id_9vz2ek8pfs,0.2912308543572758
Id_2tfze7yz84,0.0285896324340278
Id_hp0825jt4r,0.06964930899336064
Id_brih8luthf,0.21221823124713032
Id_yp0z1c38ax,0.6696859170024223
Id_gox9bakscd,0.9320857504668956
Id_25zzwqan2b,0.3493152842748448
Id_ag39pc8jzf,0.26034845198004314
Id_mc5w78bjvb,0.9526854788283372
Id_tr9l4p3m35,0.0675557286681515
Id_yjcpv0quj7,0.015658665727811803
Id_drkpp74ipw,0.2750283916763695
Id_9lz1l9x0l0,0.038361282405045403
Id_6ewupaj8b3,0.30243414746156216
Id_dheglk1zvt,0.079635027538274
Id_219cdjw1ja,0.14651407293596272
Id_k0mz6bstfs,0.6868976624888976
Id_u5oacvri92,0.03305200465990083
Id_5hlu3apod2,0.13198368436690402
Id_bmnfvsgqpk,0.027542218041601733
Id_u4mld91w7v,0.0347270820896614
Id_j11n7q0bos,0.022347794383429164
Id_vcqbswzei2,0.2957114794154005
Id_z3sy3p6igk,0.023766873615408263
Id_hu6ou36bvf,0.656519840450405
Id_w5f7qn60np,0.031104704158670102
Id_uzpiwtm708,0.881649498091412
Id_zj2ixhuwzx,0.2515967936020132
Id_d576fk1223,0.9588443154610197
Id_jmo1p0tjym,0.1275633519005842
Id_d8gkscox0s,0.7039646669454878
Id_jetpful5e7,0.033698311278104166
Id_zonbigyx4t,0.2980861774863485
Id_bi1yc9vq88,0.03425160747428866
Id_iqowdek0xm,0.9565180559142723
Id_yh2zxbusrv,0.2986196161824071
Id_qogytkxokx,0.7471707173689545
Id_348g7ajkdg,0.170401785777473
Id_irw9oku9mc,0.029762961814247996
Id_ck26va7hs8,0.3600181481087925
Id_gknpeh1mlz,0.6397976177771014
Id_nbo9qanre9,0.4607774768449806
Id_jd3f7tbsr9,0.06123848236009773
Id_yw3hkuk5lp,0.013128339029658065
Id_wwlwidq53z,0.14409330951015933
Id_fj9yzgf5vj,0.9755544440042453
Id_ek7l4lccrm,0.6784994626451942
Id_6z48tsx5ha,0.03700242063455763
Id_2a734z3fvt,0.9653448172971887
Id_kdnreggx5e,0.1066250962232143
Id_cet69pepc5,0.9674801389029005
Id_bfb7jbpp58,0.28156278863755463
Id_3sc9hy9pnl,0.016450022753117233
Id_38fax1mzo7,0.5537346916918424
Id_uky540uhdn,0.3439434712595595
Id_y2qo4d089r,0.6267127050339506
Id_ci4szc3xet,0.6345721161751459
Id_4nbjxpmod9,0.19168314127757582
Id_2et53ico1b,0.8624316540980607
Id_llhb3h18zz,0.4860083016343224
Id_4xy2q6bvwu,0.4963085633129028
Id_0t446pf9sd,0.013299160008060565
Id_00zlrfqmzq,0.03260597606220947
Id_em8ulxb1db,0.007764522198013067
Id_kmjnc9ur5g,0.17691481259502181
Id_yf3z3o0fhx,0.0661322806318822
Id_r958h5noof,0.05434728155166183
Id_mz0bpppbvd,0.3854605191437053
Id_c3i8tw7icv,0.800497810915188
Id_2gy0omss7n,0.3188798856926083
Id_9d5hmod6rj,0.23535705718492048
Id_feowgdfk89,0.9609417099465841
Id_05ujwz0gb8,0.2374185133284439
Id_40ef8qeqph,0.35579553666482594
Id_glrx63b5k0,0.10691781278595432
Id_zokjqclx85,0.1559939169747516
Id_edhmx1ewmt,0.07849628940071893
Id_k6d1fjn3ce,0.16740768020138916
Id_74ypr4x2lg,0.07512397207385109
Id_tactlo06kp,0.4226019901443832
Id_ud1ansdfjp,0.0300881555053388
Id_7j0by4idt0,0.8335633798196543
Id_e93jm3t1uk,0.6456139894824523
Id_wwodvq73ya,0.08586966390648781
Id_h99n6j9b8x,0.28915215277835604
Id_bnhpk27n3b,0.26422553098358675
Id_zjz3u87urs,0.42960402412849713
Id_1s1n77nf61,0.02114493898290153
Id_qqkhha9qn1,0.29282132821252077
Id_dkuhwjxz2t,0.31332309889084103
Id_tmra90saen,0.2067128110266896
Id_gmgab1tjkx,0.05637479567799986
Id_ypo3yhdl2t,0.32360548219053126
Id_xeb1emh49q,0.1930710166803167
Id_1xhamm9r6s,0.3920724870432564
Id_oc2d5wolqe,0.04519148442960613
Id_0klfdpj6s6,0.013590279771243033
Id_gm26c8jgke,0.9636646310163756
Id_bjtscqn2ts,0.025818820043588032
Id_noa2ioa9lh,0.1294524457645721
Id_1ddi36nyd0,0.9821251035765032
Id_159soef5m8,0.05676849191654234
Id_y37m1wd7mj,0.3528901077024838
Id_pgdt1aug9e,0.5712371129462496
Id_3mopp0r8cd,0.5128878254023932
Id_5vwe4gvznf,0.0180993648769039
Id_iilce2yj2f,0.18411264080481246
Id_7nvvd1lk1d,0.3508956308668621
Id_40zau02q90,0.7502300285484793
Id_us5fgsfh0i,0.012510969054470335
Id_p8blyf0sfe,0.3044149982494024
Id_0ll80ruw2v,0.1090403345557181
Id_djd0vhwc3k,0.15433220686675128
Id_pngct0k2ug,0.36976719366291827
Id_wmram8lobh,0.08643946211769322
Id_rldh0ethui,0.1296102844871491
Id_m7p2ae3q43,0.25659980751020917
Id_vrxh4nfhco,0.4944224116846248
Id_xmosmvk3qs,0.6258234363255156
Id_u73psp5yh8,0.968719541735
Id_fxafpxwjnu,0.09296288850997403
Id_17yccaoc4i,0.692554576213359
Id_3wayyjiv93,0.6004853797539086
Id_wg4tq581y8,0.3525551409126632
Id_hdt5zx2u2z,0.20936143457539913
Id_0txfwbwelo,0.12441036715250835
Id_9kxb9z5ms3,0.3876548625186107
Id_jqgdpp1tgc,0.2855588062086465
Id_yy83gmm9fp,0.0507189243785022
Id_fyiapxv2f4,0.44986005608412016
Id_24y5rtqdbh,0.6139640186866857
Id_tr7ym74i6h,0.6893490612809355
Id_8wenjbmetb,0.941900882646471
Id_edep6aanku,0.25471585788847473
Id_n05n95wki6,0.7410113613100299
Id_w8dbhhy3mv,0.2256039973006787
Id_1hbnmriv67,0.06210661182249703
Id_m12odqjipy,0.19554531762386404
Id_pgowiu4ay7,0.15264798105973168
Id_7zef3exinx,0.2583275484533953
Id_4lbrt2dp1k,0.03392615628453313
Id_cpdjtrqs5i,0.5001705810563036
Id_wqe4jv5vju,0.2457486107783403
Id_v8nbtier8s,0.4232363277607684
Id_oefp0z401y,0.0556110432629922
Id_e609wfy9gv,0.0472439500023916
Id_18es0bor3x,0.976161247384916
Id_k1lxtif2yr,0.030796661478216303
Id_sgjb17ox0d,0.41070335328956026
Id_60lvu1g5vr,0.4515762026022299
Id_hszq494lsz,0.9825451100596919
Id_juwqprlsl8,0.1047215280924979
Id_kp4q5fjjqx,0.9552462009196102
Id_0uuvwis2pz,0.3303046429913794
Id_kvlrs1bppw,0.21353854819313559
Id_jxda21dkyc,0.0405428193123798
Id_3sa1d5bidh,0.4075214286742303
Id_gxsrofsx7z,0.47815630713791357
Id_1u8eimdw8h,0.4466446781089332
Id_t5g49hter6,0.2599847318744574
Id_qev411tc1r,0.254039258558244
Id_vzuu4za6ja,0.11610870739286656
Id_vf3vexxwxh,0.4572418203946038
Id_7t0ufkfaze,0.2649926286698548
Id_vfb6k3w9f2,0.22416199148870608
Id_k4lg5akn14,0.07301532172533078
Id_kh5ajthu2j,0.07088459920418794
Id_tn457mb8lx,0.0083341216490788
Id_4sr4gdsvjc,0.011151640320316765
Id_dg0ix5kesc,0.23003620185844553
Id_7u9ksmtsat,0.9493977035983332
Id_cc6m2mekge,0.08794678108538954
Id_0hcqnjy4i0,0.020549304506687533
Id_2r3xg5c0jz,0.35890993167054314
Id_o8unto6cre,0.6784598237748322
Id_lc474ixxv6,0.14822872950968533
Id_71fsdk343s,0.0155647590716224
Id_6rgj9sqdhp,0.0268041769563918
Id_2qniod6t8w,0.4686611090440662
Id_6i9k0mlwmb,0.4353302306919555
Id_iz8l3colsx,0.8325926541822263
Id_lgzugydgkd,0.008538876960748199
Id_0y2oaob6bq,0.1709009594294126
Id_y1cs8ecmau,0.13704765422226195
Id_9wqxfv7g80,0.4488146581535506
Id_x8929rb78h,0.052915921909192636
Id_113sd16q6k,0.07255915652503074
Id_wf98gwc7ci,0.20248745182701566
Id_uwwhsxdi7x,0.27343512806196657
Id_7x9ctsbnjt,0.018726945801191
Id_v5335amhoq,0.6028486496899765
Id_13ya7leq4p,0.373241557779167
Id_52zzybiaon,0.045880805456190894
Id_evlvtffu0e,0.05879770017570451
Id_1ukzpp3244,0.5300904548812162
Id_9gtmdrhzqz,0.9713619401755565
Id_8lsycyorqz,0.2535634855591227
Id_oqhbvzjzr0,0.20562264632947833
Id_tg2g5osn89,0.14663755367137948
Id_ihwzkc38wk,0.08190862447840437
Id_fbs5y30vqw,0.319782360461709
Id_t8eov1x0d7,0.5061248844064772
Id_5amqr6v4n0,0.2605028580323276
Id_efbha40a05,0.1495237844796625
Id_t1sysj0wy3,0.06781804381050964
Id_2o6e6hhl5q,0.25650933614241844
Id_y2t37020xi,0.6544223185111145
Id_1a1gb0ui08,0.32616502215833565
Id_k7qkinfpa9,0.26403342548453385
Id_rz90uy5431,0.04990087122100547
Id_abges53wx4,0.022993017776810665
Id_ezvwuvxsle,0.12492090972245533
Id_zws3xmvt8g,0.36901539106711745
Id_ipc8z4thpq,0.0275158686788976
Id_5uf57n1y5u,0.09112148717958009
Id_toxgbqarvk,0.09061832250762214
Id_pwu53q9fid,0.25676648709519345
Id_qxcteydvw4,0.035270273272832234
Id_zlxyvpskhr,0.6425043402331321
Id_yjwtrw4211,0.025019706665868433
Id_e5jhqca5i4,0.11377593102614193
Id_dovofof2ez,0.39188520563523443
Id_qyypzx9dxd,0.16115783945111486
Id_zdn85bltt8,0.9387991100567982
Id_xyrhqbrbtb,0.7209493372149267
Id_pfhj0zkdxv,0.028984775334674102
Id_qu8nj046vh,0.0870461174553976
Id_qm01lkv6y9,0.07134421403774223
Id_oxs6ca9bfg,0.2427155008234622
Id_y2ze63w79u,0.9732327251279882
Id_u4plk2fwf7,0.058292098825940136
Id_6z5b6j6qbu,0.3085615133346223
Id_lqkf0cj1p1,0.9770161595283254
Id_quwzwou3vz,0.05562168757440077
Id_hhj18mp4sn,0.03526274004257896
Id_f6k196prq4,0.33450227596060794
Id_3dytekgbci,0.4246687022010822
Id_29e1z7h6u4,0.17495795462527006
Id_ni0yhnginh,0.18445377009864639
Id_8k8f95ykxk,0.5554072634622685
Id_coio2zican,0.26438498591014664
Id_ekv4iykprw,0.48431807091433104
Id_7w5dm3cyu3,0.5414332797211849
Id_s9sleswdwm,0.33171496760542885
Id_jnv3klawmz,0.09259707639506437
Id_96q3d5zm6s,0.05223454019905446
Id_5nnxzvswv1,0.7406138139394148
Id_n67tb71k1r,0.08108674505662576
Id_hmdfu83skm,0.7626807493500444
Id_bc4oor1bto,0.81027656878797
Id_rdqh768b3r,0.07241377131796367
Id_bbrypkl3ft,0.4955218111317954
Id_3n82oy9p15,0.01851481916183873
Id_qivthxzr2a,0.12227320333739877
Id_7ws4jz5001,0.048445779736648965
Id_nz833h6upm,0.5656911798415577
Id_ub7dbguckh,0.6620720374287591
Id_cq54n2dcg3,0.5114231899466387
Id_0hsgbh7fu1,0.033517351545383794
Id_s5vcz76m8u,0.3181775784767256
Id_wa1aktiovb,0.7663791110111164
Id_m153wx60hj,0.5019070532754569
Id_8452i7jerw,0.9856942578089848
Id_vn2x299g4w,0.07603169539217162
Id_ombws0yt8w,0.01811133469283877
Id_m1n0e6d2q3,0.16794753303363785
Id_fjshad0tfs,0.2483248289534977
Id_4law5rnagk,0.1484819577210432
Id_48gluzt7a3,0.020332037403198833
Id_d9mj1w2zlm,0.05142553796572454
Id_2c47srurj7,0.027361940074025436
Id_1ehv4v8u5v,0.03328828762391203
Id_nxjwl91wxs,0.5734138235114224
Id_dk7a4ym0qp,0.437091131163655
Id_g4ovfkuqix,0.1563842900605753
Id_mo5vj0g0zx,0.6296659788284934
Id_pga279dvzu,0.3070748436468082
Id_k8fq0m29in,0.8336982300525381
Id_qdvblg1aea,0.5054782456710553
Id_514fm191b1,0.019605610063343267
Id_hppomtkw3n,0.9853125927886829
Id_p9qc9r8oz1,0.7347273274847287
Id_nxpbqjf2bd,0.0554821437056968
Id_izog0o31bn,0.9559775177196598
Id_912m7l9c8d,0.017100485670553233
Id_lg7retw9ww,0.016612637625161932
Id_wswjtvcuft,0.20433481832802966
Id_9aqxopq9uy,0.7516433850162588
Id_dizqcuygh7,0.1757757320192599
Id_24hmuyx4lu,0.1717200242923158
Id_pbs1k81jdk,0.08612148894834716
Id_5bszucvd4t,0.4632188285183485
Id_ie7rpmi6ow,0.373230820352052
Id_ypj8evnzun,0.49471897871176806
Id_iepx7buu9w,0.2388392423990859
Id_69ria2mqih,0.6049907092479456
Id_96lb0mej8g,0.32271312435853045
Id_sndwx7ylvg,0.13287460549432697
Id_v6ka5h5pme,0.28242867204296124
Id_m6x3vmh0id,0.207010532491126
Id_krw9rsq72a,0.5697030664291061
Id_bvrybvkauc,0.5598413956687497
Id_ssq5kv9zxg,0.12338022429166813
Id_7khb49l40f,0.6649402084142918
Id_arpv2c4o34,0.6723441395394483
Id_77660xv0hp,0.16078621908888177
Id_v4d7lczkca,0.013334440435164635
Id_2c1fdc98nb,0.23800302624399797
Id_i5vwe6egsj,0.04493181502426677
Id_lv9x6pdnlw,0.09005014743932904
Id_ymv4d8xway,0.3258795587270787
Id_mpgsyehi64,0.18822067578650836
Id_cgzm433vp0,0.19605892156780902
Id_85q7sy7s73,0.879058730638861
Id_2mnmuw2sk0,0.11904412151629369
Id_akgm585p89,0.15839362826944012
Id_if8yz77gp4,0.05170000253001924
Id_p48e7s6bd4,0.185969396142462
Id_s1xlpe5h8l,0.17503345100631695
Id_621ofyxye6,0.9781680726282987
Id_al5rxgf8ge,0.5098250757014374
Id_gf9wdi5ws4,0.0905607914533788
Id_5w7aw9vz7s,0.15243542966704787
Id_b4r6kgg0tw,0.2224608602022954
Id_o0wz1g8ehx,0.24560343807704824
Id_988cd18v6s,0.1896617416759104
Id_uabgwoiryz,0.1298508231226115
Id_ku8toy6hkh,0.4040168709044252
Id_g97dj3t8v2,0.1504584488175009
Id_ywwnlmlw4n,0.18080864947221945
Id_s7jocf41o6,0.5949539598304132
Id_ts4neughrb,0.02572888025739717
Id_e45x9vsdem,0.10448533983509267
Id_4q7jewk3fk,0.14398459364780739
Id_j2tdecxtoy,0.9859770642329756
Id_9z31ol7ujm,0.6110508494699686
Id_46uuy0ia04,0.014313615848693168
Id_daph21jgcr,0.46678553279020923
Id_c6q3otyp6f,0.04471515616828823
Id_8f8g47n7xa,0.3136270946150126
Id_wfx5uhn1v9,0.013963352936005466
Id_4rc5zyh5b0,0.11736636928770496
Id_cqy9hcf26w,0.23326136244647086
Id_991vaya9oz,0.0173165870471249
Id_28vbxnfz4t,0.19339165520150414
Id_cya49sy19a,0.11319741482639573
Id_fcarifdm67,0.9603708316501646
Id_itxuerh0tw,0.11034769175664816
Id_xqn24xlkh2,0.9716324396054604
Id_jro6zem5eo,0.15537030369402616
Id_eo9tcsak28,0.15908072506945595
Id_i71enax2kl,0.049421848043466464
Id_ahm1gmegal,0.03195520303044087
Id_kzz19zn94g,0.0251345651400021
Id_ted137u8ep,0.6665954670293474
Id_56pwnz0vy4,0.10336096504865762
Id_2pqek4txfn,0.16556634329940406
Id_tg6kznersq,0.4470281297186463
Id_3ec107enjy,0.42147665563023967
Id_mly4fkgefn,0.7097827903762317
Id_d5yewin57w,0.3055878425847675
Id_o5i79cm6dk,0.08153465909305689
Id_xf4d4limyc,0.06183204028619219
Id_albyzxx4s9,0.12142389327171593
Id_qlyhe7bbtx,0.5490314145794242
Id_b78izf9qye,0.037177095172009504
Id_9ez9kqm468,0.4538459833868625
Id_havjl4t04o,0.011510515926370568
Id_lg0jdl6sst,0.16741556563085166
Id_bokrjktrb7,0.28792841830004684
Id_emzaopvzg6,0.45391759151040595
Id_3ompii7fpn,0.035874290936605095
Id_fti4owc0kj,0.21597003450440103
Id_jwuhcghqeq,0.3320744648265039
Id_4i22lvikkx,0.7157559481573804
Id_bp5tqt681z,0.06615561245240023
Id_sjyfd1ue1a,0.36913441597807944
Id_gqmp65ivhu,0.022816443303311163
Id_4f57iaju3g,0.16510610505178544
Id_pts6c1e9qp,0.14722379944348343
Id_28yembc81t,0.1481879916263306
Id_cxpjtf7jst,0.018380368189287233
Id_w70w1lferx,0.5727657067878648
Id_a1754pyw13,0.008955502508746334
Id_8por8rjj4p,0.2194196695964091
Id_n2elz6kur2,0.9603516859652063
Id_r50xfb685c,0.13938574728797534
Id_6af93sthv9,0.3113560458415534
Id_32dumey0cf,0.2943871750028378
Id_yc7vltimgr,0.17743799389159484
Id_4so7kektqw,0.2760330311673851
Id_tpi5tlzak1,0.6685141036083264
Id_pwx1tw8cmr,0.06742635311236812
Id_v8ihu4xlmg,0.020452998526719734
Id_d98euufkmz,0.786384700834789
Id_wvbmz5h0y4,0.40342753578809254
Id_7hojo3tm6x,0.5600028934739104
Id_mfkj143zj7,0.28515353983249847
Id_wdfby5aleu,0.18890388236483943
Id_082tmm337i,0.21693359271983517
Id_v5rxpyka2o,0.9617177805438198
Id_56096zutar,0.11765301429690916
Id_e06p9hwo90,0.12201492536557139
Id_7i7f1hihsa,0.16612511733779034
Id_b6wu7mwwg2,0.9665106747649722
Id_h2yuv8dx0b,0.6191913153473735
Id_9exbi04ahn,0.975178583879773
Id_cli9pqpadf,0.1443391895061486
Id_dm9pbvdt6s,0.5681041386047333
Id_0dgvt5lwkt,0.19929194838470132
Id_0y1rlb9gml,0.19394166568201754
Id_ygs91lzs1g,0.527731738864459
Id_bhpmmdvwv8,0.3512036710188428
Id_6rtpenbpwo,0.12399594565313567
Id_ovc1uvevfr,0.272681816140295
Id_a5zyi2fa7u,0.3988943899631674
Id_y8htg2u24u,0.1452456673691725
Id_1c46c6iwch,0.033841913003747066
Id_widy5om8gm,0.19005991918967138
Id_pnrdz62fyr,0.14146349217207663
Id_fyquookm88,0.9343639616081868
Id_crylmlfts8,0.07009722010303414
Id_br4gx830z6,0.39604390875254075
Id_m5833t25xh,0.10015674184654694
Id_lsjdpg6t8t,0.1804362112852199
Id_4we5bf1am3,0.36774751923678756
Id_v0c8sf03hr,0.6772102420434146
Id_4q6hv17ay5,0.5216594277868505
Id_kq286lbazx,0.14044265776362172
Id_pvp0adve54,0.15077617378053618
Id_p1eydacgzh,0.7139697564150981
Id_oo3wb1e85o,0.8895199854354221
Id_w69r6tvq9h,0.30716027798849005
Id_tbzh0jlylk,0.7607738783318349
Id_pbe3qcw8y9,0.03759412647443913
Id_xqktzgfy6u,0.16125660011549067
Id_3vrhj3xbrd,0.8853127441121496
Id_klimz9l0mu,0.41058314687522696
Id_ek9nter49s,0.5103775228945197
Id_0fb3aq83x6,0.19957487320855635
Id_d9us82mokz,0.27892679896887196
Id_z0qbgzcfmr,0.1544692463178394
Id_u1kcet2rdh,0.3190091652126141
Id_kvyicvfgcf,0.5470027541355498
Id_i7nvvbhrts,0.09215078528589571
Id_q1ww54vkgt,0.5218346806152557
Id_dwalixvqbi,0.42846309643194064
Id_hzu1kl2y0v,0.6748842415841964
Id_253hhat9ly,0.3087610537770569
Id_gxb01c8rsw,0.10025634858724734
Id_56w10cmkvf,0.11630605508759356
Id_eqbidxw1n0,0.04660481764870824
Id_5y54vl5ig1,0.07178394372169926
Id_vls2yvc9s3,0.03216194362926263
Id_lpu65atq1c,0.9642396238703411
Id_n05cfjxl8y,0.5001151540091229
Id_pdr4bb3ste,0.2333941856695386
Id_io4athusho,0.038111596612351965
Id_5g8e7drfum,0.05630259935150741
Id_rur7k1t45e,0.06641459590802647
Id_dvaa498nit,0.37880330189322226
Id_ldfj07sgyl,0.27774965879111185
Id_eivpjzohoz,0.49641728568159477
Id_8gnthm24dj,0.26126209103848075
Id_rpdyopec13,0.244618364395823
Id_n00yaaekij,0.7769074178290722
Id_y25gm2cjyx,0.9499002633975834
Id_5isfuhdqvs,0.06704395055719084
Id_bl2dh6tjxa,0.9008499165703202
Id_tasaabrqhh,0.19388457258510094
Id_12vvfv3u1d,0.1928370175597365
Id_hxum4ig62c,0.5429333642744482
Id_aix78mhk10,0.6025749742649872
Id_yzdr5i96vv,0.4962714912108699
Id_773tk3fw8i,0.066558034123129
Id_ok0me3howk,0.1507353496434454
Id_ua982ydwug,0.21271714686199197
Id_pgbegf1f3w,0.8397271029587836
Id_5v632aoiuj,0.6020978283620693
Id_3mggq20q5n,0.29509947845118234
Id_qydfymxddq,0.6393048699778346
Id_7yetbmm8b9,0.17833896680266545
Id_ikvtub301y,0.18345167793086833
Id_a836a3iv7d,0.12558872561580556
Id_vwc67cyqus,0.22041133160407408
Id_kmjnwx4q8c,0.9659115431484816
Id_08gwuwi46y,0.08569087513405145
Id_gu6ndcj6av,0.4504606497859192
Id_gwyrreff1l,0.029553443914379963
Id_4o2q94kai0,0.0273708618320357
Id_ojhqai34c1,0.017850873814068635
Id_up1mwe2044,0.026220469981797032
Id_qq7vs8p18n,0.25695992103598175
Id_zsaqnw7d0v,0.3061681887452367
Id_u1s9wohj3g,0.16913309059837012
Id_3l3yas6shm,0.0404997516537301
Id_h9khg197p6,0.02775846293134977
Id_njxg81t45z,0.11351513545764601
Id_sy82hx1uxc,0.2937450954564092
Id_uhgniic5m0,0.0926672841789306
Id_unwg3v9qc6,0.6772081828307028
Id_rhe2szyupu,0.012915808626459835
Id_qyjzcejzdd,0.0344578894228078
Id_bcgsrtrilx,0.5234793481193342
Id_jyl9dyazzj,0.03092611251897827
Id_lfnvs5qfs6,0.13632785026373181
Id_s3yov319c8,0.6414420228828689
Id_5wbok9n3l5,0.13261567990959033
Id_uskq3sff9l,0.034482672747981565
Id_spvz4obbqe,0.43180674418095255
Id_nli80qhmqg,0.1376267897065416
Id_sxatj1ojqn,0.9784167644064876
Id_9ptfv38fxh,0.07327437631926213
Id_0uhsp1slil,0.7295789947682486
Id_kfzxv30evr,0.3095675045909752
Id_m2t3i6tlzi,0.06267604624009813
Id_j1jagawqdy,0.1045618988564076
Id_q4bdkw5381,0.10918404361153755
Id_zn4pawmnma,0.03332112411553584
Id_05acjsunpq,0.11683412331413649
Id_xkygecr337,0.17610286788328203
Id_xyxkh063o0,0.0383801827828451
Id_c0yf49nm78,0.018019045189960666
Id_qtor6gujoa,0.6328986341801978
Id_j4o4svirmh,0.16100722615941226
Id_xlqebp699d,0.033061876551454934
Id_3gcdnzj5b1,0.1950025236106213
Id_b2ohkp3p6j,0.5370707852497008
Id_f84xz72m4k,0.4404934441947241
Id_od9hvlhh77,0.9355427431652145
Id_qvknbf86my,0.37652464504997724
Id_enx4fslu9v,0.5476900381842048
Id_8m1ji2xuyk,0.16068352801774521
Id_l5cyidvlab,0.7009953009330069
Id_jjuzk7vch1,0.12161124864244736
Id_3rsvtpmh2z,0.5713518348629802
Id_ezpeuh4h34,0.052075196649506494
Id_8xkalpnn9b,0.13407865503763797
Id_njws0dmmap,0.2353401734722355
Id_ablg0vuf2i,0.07376790843889951
Id_njonnfdy2x,0.9758435226056156
Id_5mqaulnqis,0.5181786445281079
Id_membxa89xj,0.17216235542695504
Id_07nyi9izop,0.747147020907374
Id_ca71pr1it1,0.2682465506486593
Id_5nubb1ma43,0.7213878316279185
Id_p01zyr5l2a,0.3634933562911249
Id_9w9h4l97ka,0.01882263243846517
Id_tje5pa2wxy,0.5564076158995473
Id_69neclh2z3,0.34086785092060784
Id_5k8ojhksgg,0.24591151992345997
Id_xm3rq3y0uh,0.6478098213040754
Id_6neyyqjb2r,0.2427300376978058
Id_wywnr19n4p,0.09287382784948335
Id_u2qttjnzsm,0.29388355695495977
Id_ovypzmzu4y,0.4874690294616262
Id_1bvwmnkj19,0.24679811838936497
Id_7my1jg1kl2,0.11008138994100507
Id_c64h2qnyjl,0.6988814966836534
Id_v7db6tn2bt,0.0158965141662748
Id_schtxsjrf1,0.5359739648956449
Id_ql8jwa0v5a,0.16997757546322503
Id_em2o9pt636,0.1577170037534125
Id_iuur8ruo7v,0.32398339409868365
Id_4upc5tonc8,0.0704407629987474
Id_3h9dhjkh1d,0.6225523701174959
Id_n8i134j8o2,0.42223260378126365
Id_6it5jb1zqa,0.021525666203323936
Id_xr9jxeuilo,0.9543597788343745
Id_v2c60bt345,0.6686155968492976
Id_2zhkja5hbs,0.5071525268285778
Id_zo1sgevzvm,0.16194347383836227
Id_f8bz5b0w0y,0.057646758425639565
Id_w64u7diu2o,0.9655304852998724
Id_mcvnp513t7,0.24976778669537214
Id_rw3i914r26,0.19319057894206426
Id_4ivg6d2xh4,0.1160336847555754
Id_unmbbb3lul,0.6767465167313457
Id_7583xlaqic,0.08538454690789692
Id_efpkwuw2hg,0.4868848520350943
Id_ikcs5rx2ng,0.9611004933255506
Id_p4cktyw3zc,0.29799037570225634
Id_u8010p6ujf,0.3800485142041932
Id_767vv3wcml,0.05685063745320149
Id_nlr3z4mmcj,0.28978137239630025
Id_g9u6ak2ker,0.019591648052434067
Id_yaejn6rk3r,0.19373762391310093
Id_e3skrhusoj,0.6996308527565946
Id_njxuq36qd8,0.24008514937598024
Id_2r5wk4daf8,0.07228793652730382
Id_tjadapg1rz,0.0166213970897158
Id_j0jr8t9mit,0.09163645980151112
Id_jzk9ghyuus,0.7322717430081424
Id_vh0l0p8c4d,0.009148097523352834
Id_h5foewd458,0.21807174658063877
Id_pxlslqgio0,0.08990769213231553
Id_hzdz4e1ncr,0.3763984863273664
Id_5um3shrltc,0.15316745224545428
Id_veae94vs7m,0.23119891771715775
Id_pl3apb39si,0.1891941891530273
Id_8zn48jhafx,0.9683798498289861
Id_04ouurkg68,0.14092478115649396
Id_ds66hpnerf,0.19869386235415784
Id_r6rlf1037b,0.0105665710074052
Id_lw71mvsd41,0.2553743959528814
Id_imnv65aq6f,0.4165152918269415
Id_zqhgkgqfkd,0.3233123961527871
Id_ob3o7ll463,0.3430163514855468
Id_2owbmn4nbm,0.14919434307107315
Id_mbmznddedt,0.07760490984847478
Id_gs6felb9x4,0.2585508011948274
Id_65y7x1uz1g,0.0063927535114503995
Id_8acrgihb5u,0.30816363226668225
Id_w0rlglb7l4,0.3936587275717982
Id_qmnct8dkea,0.1430802356803273
Id_eprsrsv98a,0.13963827729486625
Id_g4ii28f6by,0.9674521933092111
Id_jkhvuohoxx,0.326012373907021
Id_umlcarumop,0.7090900749902693
Id_9i3ftn1oxi,0.9282855230532149
Id_fr3ddyiehe,0.2667135924193719
Id_lzpfbdsw2f,0.08768669231370634
Id_h019zyw7zy,0.3713142840900665
Id_o43v3bz46n,0.046883888862318035
Id_6lcihhaicc,0.09728794181315192
Id_mxcjtorn2w,0.5859255248281322
Id_iogk84m72d,0.0253903256449112
Id_exoifxvj0s,0.24591654314412706
Id_ixio0xbvta,0.13606222600546133
Id_3vjt2lnwp3,0.0557463286305973
Id_q8na9byk0c,0.5315425670518905
